file,line,type,commit,author,date,time,timezone,datetime,depth,length
style.css,1,css,8bded1b3,ChengszuPeng,2026-04-17,17:28:19,-07:00,2026-04-17T17:28:19-07:00,0,4
style.css,2,css,8bded1b3,ChengszuPeng,2026-04-17,17:28:19,-07:00,2026-04-17T17:28:19-07:00,1,23
style.css,3,css,8bded1b3,ChengszuPeng,2026-04-17,17:28:19,-07:00,2026-04-17T17:28:19-07:00,0,0
style.css,4,css,8bded1b3,ChengszuPeng,2026-04-17,17:28:19,-07:00,2026-04-17T17:28:19-07:00,0,0
style.css,5,css,7a813b2a,ChengszuPeng,2026-04-09,13:26:01,-07:00,2026-04-09T13:26:01-07:00,0,4
style.css,6,css,7a813b2a,ChengszuPeng,2026-04-09,13:26:01,-07:00,2026-04-09T13:26:01-07:00,1,23
style.css,7,css,03324423,ChengszuPeng,2026-04-10,17:05:50,-07:00,2026-04-10T17:05:50-07:00,1,15
style.css,8,css,03324423,ChengszuPeng,2026-04-10,17:05:50,-07:00,2026-04-10T17:05:50-07:00,1,11
style.css,9,css,03324423,ChengszuPeng,2026-04-10,17:05:50,-07:00,2026-04-10T17:05:50-07:00,1,12
style.css,10,css,7a813b2a,ChengszuPeng,2026-04-09,13:26:01,-07:00,2026-04-09T13:26:01-07:00,0,0
style.css,11,css,03324423,ChengszuPeng,2026-04-10,17:05:50,-07:00,2026-04-10T17:05:50-07:00,0,0
style.css,12,css,03324423,ChengszuPeng,2026-04-10,17:05:50,-07:00,2026-04-10T17:05:50-07:00,0,3
style.css,13,css,03324423,ChengszuPeng,2026-04-10,17:05:50,-07:00,2026-04-10T17:05:50-07:00,2,12
style.css,14,css,8bded1b3,ChengszuPeng,2026-04-17,17:28:19,-07:00,2026-04-17T17:28:19-07:00,2,39
style.css,15,css,8bded1b3,ChengszuPeng,2026-04-17,17:28:19,-07:00,2026-04-17T17:28:19-07:00,2,43
style.css,16,css,03324423,ChengszuPeng,2026-04-10,17:05:50,-07:00,2026-04-10T17:05:50-07:00,0,0
style.css,17,css,03324423,ChengszuPeng,2026-04-10,17:05:50,-07:00,2026-04-10T17:05:50-07:00,0,0
style.css,18,css,03324423,ChengszuPeng,2026-04-10,17:05:50,-07:00,2026-04-10T17:05:50-07:00,0,5
style.css,19,css,03324423,ChengszuPeng,2026-04-10,17:05:50,-07:00,2026-04-10T17:05:50-07:00,2,6
style.css,20,css,03324423,ChengszuPeng,2026-04-10,17:05:50,-07:00,2026-04-10T17:05:50-07:00,2,17
style.css,21,css,03324423,ChengszuPeng,2026-04-10,17:05:50,-07:00,2026-04-10T17:05:50-07:00,2,20
style.css,22,css,8bded1b3,ChengszuPeng,2026-04-17,17:28:19,-07:00,2026-04-17T17:28:19-07:00,2,13
style.css,23,css,03324423,ChengszuPeng,2026-04-10,17:05:50,-07:00,2026-04-10T17:05:50-07:00,0,0
style.css,24,css,03324423,ChengszuPeng,2026-04-10,17:05:50,-07:00,2026-04-10T17:05:50-07:00,0,0
style.css,25,css,03324423,ChengszuPeng,2026-04-10,17:05:50,-07:00,2026-04-10T17:05:50-07:00,0,11
style.css,26,css,8bded1b3,ChengszuPeng,2026-04-17,17:28:19,-07:00,2026-04-17T17:28:19-07:00,2,64
style.css,27,css,8bded1b3,ChengszuPeng,2026-04-17,17:28:19,-07:00,2026-04-17T17:28:19-07:00,2,43
style.css,28,css,03324423,ChengszuPeng,2026-04-10,17:05:50,-07:00,2026-04-10T17:05:50-07:00,0,0
style.css,29,css,03324423,ChengszuPeng,2026-04-10,17:05:50,-07:00,2026-04-10T17:05:50-07:00,0,0
style.css,30,css,03324423,ChengszuPeng,2026-04-10,17:05:50,-07:00,2026-04-10T17:05:50-07:00,0,13
style.css,31,css,8bded1b3,ChengszuPeng,2026-04-17,17:28:19,-07:00,2026-04-17T17:28:19-07:00,2,43
style.css,32,css,03324423,ChengszuPeng,2026-04-10,17:05:50,-07:00,2026-04-10T17:05:50-07:00,0,0
style.css,33,css,03324423,ChengszuPeng,2026-04-10,17:05:50,-07:00,2026-04-10T17:05:50-07:00,0,0
style.css,34,css,03324423,ChengszuPeng,2026-04-10,17:05:50,-07:00,2026-04-10T17:05:50-07:00,0,4
style.css,35,css,03324423,ChengszuPeng,2026-04-10,17:05:50,-07:00,2026-04-10T17:05:50-07:00,0,7
style.css,36,css,03324423,ChengszuPeng,2026-04-10,17:05:50,-07:00,2026-04-10T17:05:50-07:00,0,6
style.css,37,css,03324423,ChengszuPeng,2026-04-10,17:05:50,-07:00,2026-04-10T17:05:50-07:00,2,12
style.css,38,css,03324423,ChengszuPeng,2026-04-10,17:05:50,-07:00,2026-04-10T17:05:50-07:00,0,0
style.css,39,css,03324423,ChengszuPeng,2026-04-10,17:05:50,-07:00,2026-04-10T17:05:50-07:00,0,0
style.css,40,css,03324423,ChengszuPeng,2026-04-10,17:05:50,-07:00,2026-04-10T17:05:50-07:00,0,4
style.css,41,css,03324423,ChengszuPeng,2026-04-10,17:05:50,-07:00,2026-04-10T17:05:50-07:00,2,12
style.css,42,css,03324423,ChengszuPeng,2026-04-10,17:05:50,-07:00,2026-04-10T17:05:50-07:00,2,30
style.css,43,css,03324423,ChengszuPeng,2026-04-10,17:05:50,-07:00,2026-04-10T17:05:50-07:00,2,7
style.css,44,css,03324423,ChengszuPeng,2026-04-10,17:05:50,-07:00,2026-04-10T17:05:50-07:00,0,0
style.css,45,css,03324423,ChengszuPeng,2026-04-10,17:05:50,-07:00,2026-04-10T17:05:50-07:00,0,0
style.css,46,css,03324423,ChengszuPeng,2026-04-10,17:05:50,-07:00,2026-04-10T17:05:50-07:00,0,5
style.css,47,css,03324423,ChengszuPeng,2026-04-10,17:05:50,-07:00,2026-04-10T17:05:50-07:00,2,12
style.css,48,css,03324423,ChengszuPeng,2026-04-10,17:05:50,-07:00,2026-04-10T17:05:50-07:00,2,29
style.css,49,css,03324423,ChengszuPeng,2026-04-10,17:05:50,-07:00,2026-04-10T17:05:50-07:00,2,18
style.css,50,css,03324423,ChengszuPeng,2026-04-10,17:05:50,-07:00,2026-04-10T17:05:50-07:00,0,0
style.css,51,css,03324423,ChengszuPeng,2026-04-10,17:05:50,-07:00,2026-04-10T17:05:50-07:00,0,0
style.css,52,css,03324423,ChengszuPeng,2026-04-10,17:05:50,-07:00,2026-04-10T17:05:50-07:00,0,6
style.css,53,css,03324423,ChengszuPeng,2026-04-10,17:05:50,-07:00,2026-04-10T17:05:50-07:00,2,18
style.css,54,css,03324423,ChengszuPeng,2026-04-10,17:05:50,-07:00,2026-04-10T17:05:50-07:00,0,0
style.css,55,css,03324423,ChengszuPeng,2026-04-10,17:05:50,-07:00,2026-04-10T17:05:50-07:00,0,0
style.css,56,css,03324423,ChengszuPeng,2026-04-10,17:05:50,-07:00,2026-04-10T17:05:50-07:00,0,9
style.css,57,css,03324423,ChengszuPeng,2026-04-10,17:05:50,-07:00,2026-04-10T17:05:50-07:00,2,12
style.css,58,css,03324423,ChengszuPeng,2026-04-10,17:05:50,-07:00,2026-04-10T17:05:50-07:00,2,58
style.css,59,css,03324423,ChengszuPeng,2026-04-10,17:05:50,-07:00,2026-04-10T17:05:50-07:00,2,7
style.css,60,css,03324423,ChengszuPeng,2026-04-10,17:05:50,-07:00,2026-04-10T17:05:50-07:00,0,0
style.css,61,css,8bded1b3,ChengszuPeng,2026-04-17,17:28:19,-07:00,2026-04-17T17:28:19-07:00,0,0
style.css,62,css,03324423,ChengszuPeng,2026-04-10,17:05:50,-07:00,2026-04-10T17:05:50-07:00,0,17
style.css,63,css,03324423,ChengszuPeng,2026-04-10,17:05:50,-07:00,2026-04-10T17:05:50-07:00,2,12
style.css,64,css,03324423,ChengszuPeng,2026-04-10,17:05:50,-07:00,2026-04-10T17:05:50-07:00,2,26
style.css,65,css,03324423,ChengszuPeng,2026-04-10,17:05:50,-07:00,2026-04-10T17:05:50-07:00,2,15
style.css,66,css,03324423,ChengszuPeng,2026-04-10,17:05:50,-07:00,2026-04-10T17:05:50-07:00,0,0
style.css,67,css,03324423,ChengszuPeng,2026-04-10,17:05:50,-07:00,2026-04-10T17:05:50-07:00,0,0
style.css,68,css,03324423,ChengszuPeng,2026-04-10,17:05:50,-07:00,2026-04-10T17:05:50-07:00,0,12
style.css,69,css,03324423,ChengszuPeng,2026-04-10,17:05:50,-07:00,2026-04-10T17:05:50-07:00,2,8
style.css,70,css,03324423,ChengszuPeng,2026-04-10,17:05:50,-07:00,2026-04-10T17:05:50-07:00,0,0
style.css,71,css,03324423,ChengszuPeng,2026-04-10,17:05:50,-07:00,2026-04-10T17:05:50-07:00,0,0
style.css,72,css,03324423,ChengszuPeng,2026-04-10,17:05:50,-07:00,2026-04-10T17:05:50-07:00,0,2
style.css,73,css,03324423,ChengszuPeng,2026-04-10,17:05:50,-07:00,2026-04-10T17:05:50-07:00,2,14
style.css,74,css,03324423,ChengszuPeng,2026-04-10,17:05:50,-07:00,2026-04-10T17:05:50-07:00,0,0
style.css,75,css,03324423,ChengszuPeng,2026-04-10,17:05:50,-07:00,2026-04-10T17:05:50-07:00,0,0
style.css,76,css,03324423,ChengszuPeng,2026-04-10,17:05:50,-07:00,2026-04-10T17:05:50-07:00,0,22
style.css,77,css,03324423,ChengszuPeng,2026-04-10,17:05:50,-07:00,2026-04-10T17:05:50-07:00,2,15
style.css,78,css,03324423,ChengszuPeng,2026-04-10,17:05:50,-07:00,2026-04-10T17:05:50-07:00,2,17
style.css,79,css,03324423,ChengszuPeng,2026-04-10,17:05:50,-07:00,2026-04-10T17:05:50-07:00,0,0
style.css,80,css,03324423,ChengszuPeng,2026-04-10,17:05:50,-07:00,2026-04-10T17:05:50-07:00,0,0
style.css,81,css,03324423,ChengszuPeng,2026-04-10,17:05:50,-07:00,2026-04-10T17:05:50-07:00,0,7
style.css,82,css,03324423,ChengszuPeng,2026-04-10,17:05:50,-07:00,2026-04-10T17:05:50-07:00,2,14
style.css,83,css,03324423,ChengszuPeng,2026-04-10,17:05:50,-07:00,2026-04-10T17:05:50-07:00,2,11
style.css,84,css,03324423,ChengszuPeng,2026-04-10,17:05:50,-07:00,2026-04-10T17:05:50-07:00,2,12
style.css,85,css,03324423,ChengszuPeng,2026-04-10,17:05:50,-07:00,2026-04-10T17:05:50-07:00,0,0
style.css,86,css,03324423,ChengszuPeng,2026-04-10,17:05:50,-07:00,2026-04-10T17:05:50-07:00,0,0
style.css,87,css,03324423,ChengszuPeng,2026-04-10,17:05:50,-07:00,2026-04-10T17:05:50-07:00,0,15
style.css,88,css,03324423,ChengszuPeng,2026-04-10,17:05:50,-07:00,2026-04-10T17:05:50-07:00,2,12
style.css,89,css,03324423,ChengszuPeng,2026-04-10,17:05:50,-07:00,2026-04-10T17:05:50-07:00,2,25
style.css,90,css,03324423,ChengszuPeng,2026-04-10,17:05:50,-07:00,2026-04-10T17:05:50-07:00,2,8
style.css,91,css,03324423,ChengszuPeng,2026-04-10,17:05:50,-07:00,2026-04-10T17:05:50-07:00,2,18
style.css,92,css,03324423,ChengszuPeng,2026-04-10,17:05:50,-07:00,2026-04-10T17:05:50-07:00,0,0
style.css,93,css,03324423,ChengszuPeng,2026-04-10,17:05:50,-07:00,2026-04-10T17:05:50-07:00,0,0
style.css,94,css,03324423,ChengszuPeng,2026-04-10,17:05:50,-07:00,2026-04-10T17:05:50-07:00,0,10
style.css,95,css,03324423,ChengszuPeng,2026-04-10,17:05:50,-07:00,2026-04-10T17:05:50-07:00,2,14
style.css,96,css,03324423,ChengszuPeng,2026-04-10,17:05:50,-07:00,2026-04-10T17:05:50-07:00,2,18
style.css,97,css,03324423,ChengszuPeng,2026-04-10,17:05:50,-07:00,2026-04-10T17:05:50-07:00,0,0
style.css,98,css,03324423,ChengszuPeng,2026-04-10,17:05:50,-07:00,2026-04-10T17:05:50-07:00,0,0
style.css,99,css,03324423,ChengszuPeng,2026-04-10,17:05:50,-07:00,2026-04-10T17:05:50-07:00,0,10
style.css,100,css,03324423,ChengszuPeng,2026-04-10,17:05:50,-07:00,2026-04-10T17:05:50-07:00,2,16
style.css,101,css,8bded1b3,ChengszuPeng,2026-04-17,17:28:19,-07:00,2026-04-17T17:28:19-07:00,2,43
style.css,102,css,03324423,ChengszuPeng,2026-04-10,17:05:50,-07:00,2026-04-10T17:05:50-07:00,2,21
style.css,103,css,03324423,ChengszuPeng,2026-04-10,17:05:50,-07:00,2026-04-10T17:05:50-07:00,2,20
style.css,104,css,03324423,ChengszuPeng,2026-04-10,17:05:50,-07:00,2026-04-10T17:05:50-07:00,0,0
style.css,105,css,03324423,ChengszuPeng,2026-04-10,17:05:50,-07:00,2026-04-10T17:05:50-07:00,0,0
style.css,106,css,03324423,ChengszuPeng,2026-04-10,17:05:50,-07:00,2026-04-10T17:05:50-07:00,0,10
style.css,107,css,03324423,ChengszuPeng,2026-04-10,17:05:50,-07:00,2026-04-10T17:05:50-07:00,2,8
style.css,108,css,03324423,ChengszuPeng,2026-04-10,17:05:50,-07:00,2026-04-10T17:05:50-07:00,0,0
style.css,109,css,03324423,ChengszuPeng,2026-04-10,17:05:50,-07:00,2026-04-10T17:05:50-07:00,0,0
style.css,110,css,03324423,ChengszuPeng,2026-04-10,17:05:50,-07:00,2026-04-10T17:05:50-07:00,0,15
style.css,111,css,03324423,ChengszuPeng,2026-04-10,17:05:50,-07:00,2026-04-10T17:05:50-07:00,2,18
style.css,112,css,03324423,ChengszuPeng,2026-04-10,17:05:50,-07:00,2026-04-10T17:05:50-07:00,0,0
style.css,113,css,03324423,ChengszuPeng,2026-04-10,17:05:50,-07:00,2026-04-10T17:05:50-07:00,0,0
style.css,114,css,03324423,ChengszuPeng,2026-04-10,17:05:50,-07:00,2026-04-10T17:05:50-07:00,0,9
style.css,115,css,03324423,ChengszuPeng,2026-04-10,17:05:50,-07:00,2026-04-10T17:05:50-07:00,2,15
style.css,116,css,03324423,ChengszuPeng,2026-04-10,17:05:50,-07:00,2026-04-10T17:05:50-07:00,0,0
style.css,117,css,03324423,ChengszuPeng,2026-04-10,17:05:50,-07:00,2026-04-10T17:05:50-07:00,0,0
style.css,118,css,03324423,ChengszuPeng,2026-04-10,17:05:50,-07:00,2026-04-10T17:05:50-07:00,0,12
style.css,119,css,03324423,ChengszuPeng,2026-04-10,17:05:50,-07:00,2026-04-10T17:05:50-07:00,2,13
style.css,120,css,8bded1b3,ChengszuPeng,2026-04-17,17:28:19,-07:00,2026-04-17T17:28:19-07:00,2,53
style.css,121,css,03324423,ChengszuPeng,2026-04-10,17:05:50,-07:00,2026-04-10T17:05:50-07:00,2,17
style.css,122,css,03324423,ChengszuPeng,2026-04-10,17:05:50,-07:00,2026-04-10T17:05:50-07:00,0,0
style.css,123,css,03324423,ChengszuPeng,2026-04-10,17:05:50,-07:00,2026-04-10T17:05:50-07:00,0,0
style.css,124,css,03324423,ChengszuPeng,2026-04-10,17:05:50,-07:00,2026-04-10T17:05:50-07:00,0,10
style.css,125,css,03324423,ChengszuPeng,2026-04-10,17:05:50,-07:00,2026-04-10T17:05:50-07:00,2,19
style.css,126,css,03324423,ChengszuPeng,2026-04-10,17:05:50,-07:00,2026-04-10T17:05:50-07:00,0,0
style.css,127,css,03324423,ChengszuPeng,2026-04-10,17:05:50,-07:00,2026-04-10T17:05:50-07:00,0,0
style.css,128,css,03324423,ChengszuPeng,2026-04-10,17:05:50,-07:00,2026-04-10T17:05:50-07:00,0,10
style.css,129,css,03324423,ChengszuPeng,2026-04-10,17:05:50,-07:00,2026-04-10T17:05:50-07:00,2,20
style.css,130,css,03324423,ChengszuPeng,2026-04-10,17:05:50,-07:00,2026-04-10T17:05:50-07:00,0,0
style.css,131,css,03324423,ChengszuPeng,2026-04-10,17:05:50,-07:00,2026-04-10T17:05:50-07:00,0,0
style.css,132,css,03324423,ChengszuPeng,2026-04-10,17:05:50,-07:00,2026-04-10T17:05:50-07:00,0,25
style.css,133,css,03324423,ChengszuPeng,2026-04-10,17:05:50,-07:00,2026-04-10T17:05:50-07:00,2,15
style.css,134,css,03324423,ChengszuPeng,2026-04-10,17:05:50,-07:00,2026-04-10T17:05:50-07:00,4,29
style.css,135,css,03324423,ChengszuPeng,2026-04-10,17:05:50,-07:00,2026-04-10T17:05:50-07:00,2,0
style.css,136,css,03324423,ChengszuPeng,2026-04-10,17:05:50,-07:00,2026-04-10T17:05:50-07:00,0,0
style.css,137,css,03324423,ChengszuPeng,2026-04-10,17:05:50,-07:00,2026-04-10T17:05:50-07:00,2,10
style.css,138,css,03324423,ChengszuPeng,2026-04-10,17:05:50,-07:00,2026-04-10T17:05:50-07:00,4,18
style.css,139,css,03324423,ChengszuPeng,2026-04-10,17:05:50,-07:00,2026-04-10T17:05:50-07:00,2,0
style.css,140,css,03324423,ChengszuPeng,2026-04-10,17:05:50,-07:00,2026-04-10T17:05:50-07:00,0,0
style.css,141,css,03324423,ChengszuPeng,2026-04-10,17:05:50,-07:00,2026-04-10T17:05:50-07:00,0,0
style.css,142,css,8bded1b3,ChengszuPeng,2026-04-17,17:28:19,-07:00,2026-04-17T17:28:19-07:00,0,13
style.css,143,css,8bded1b3,ChengszuPeng,2026-04-17,17:28:19,-07:00,2026-04-17T17:28:19-07:00,2,17
style.css,144,css,8bded1b3,ChengszuPeng,2026-04-17,17:28:19,-07:00,2026-04-17T17:28:19-07:00,2,8
style.css,145,css,8bded1b3,ChengszuPeng,2026-04-17,17:28:19,-07:00,2026-04-17T17:28:19-07:00,2,10
style.css,146,css,8bded1b3,ChengszuPeng,2026-04-17,17:28:19,-07:00,2026-04-17T17:28:19-07:00,2,13
style.css,147,css,8bded1b3,ChengszuPeng,2026-04-17,17:28:19,-07:00,2026-04-17T17:28:19-07:00,0,0
style.css,148,css,8bded1b3,ChengszuPeng,2026-04-17,17:28:19,-07:00,2026-04-17T17:28:19-07:00,0,0
style.css,149,css,8bded1b3,ChengszuPeng,2026-04-17,17:28:19,-07:00,2026-04-17T17:28:19-07:00,0,6
style.css,150,css,8bded1b3,ChengszuPeng,2026-04-17,17:28:19,-07:00,2026-04-17T17:28:19-07:00,2,12
style.css,151,css,8bded1b3,ChengszuPeng,2026-04-17,17:28:19,-07:00,2026-04-17T17:28:19-07:00,0,0
style.css,152,css,8bded1b3,ChengszuPeng,2026-04-17,17:28:19,-07:00,2026-04-17T17:28:19-07:00,0,0
style.css,153,css,c8d47996,ChengszuPeng,2026-04-24,18:04:40,-07:00,2026-04-24T18:04:40-07:00,0,14
style.css,154,css,c8d47996,ChengszuPeng,2026-04-24,18:04:40,-07:00,2026-04-24T18:04:40-07:00,1,15
style.css,155,css,c8d47996,ChengszuPeng,2026-04-24,18:04:40,-07:00,2026-04-24T18:04:40-07:00,0,0
style.css,156,css,c8d47996,ChengszuPeng,2026-04-24,18:04:40,-07:00,2026-04-24T18:04:40-07:00,0,0
style.css,157,css,c8d47996,ChengszuPeng,2026-04-24,18:04:40,-07:00,2026-04-24T18:04:40-07:00,0,17
style.css,158,css,c8d47996,ChengszuPeng,2026-04-24,18:04:40,-07:00,2026-04-24T18:04:40-07:00,1,14
style.css,159,css,c8d47996,ChengszuPeng,2026-04-24,18:04:40,-07:00,2026-04-24T18:04:40-07:00,1,18
style.css,160,css,c8d47996,ChengszuPeng,2026-04-24,18:04:40,-07:00,2026-04-24T18:04:40-07:00,0,0
style.css,161,css,c8d47996,ChengszuPeng,2026-04-24,18:04:40,-07:00,2026-04-24T18:04:40-07:00,0,0
style.css,162,css,c8d47996,ChengszuPeng,2026-04-24,18:04:40,-07:00,2026-04-24T18:04:40-07:00,0,11
style.css,163,css,c8d47996,ChengszuPeng,2026-04-24,18:04:40,-07:00,2026-04-24T18:04:40-07:00,1,12
style.css,164,css,c8d47996,ChengszuPeng,2026-04-24,18:04:40,-07:00,2026-04-24T18:04:40-07:00,1,36
style.css,165,css,c8d47996,ChengszuPeng,2026-04-24,18:04:40,-07:00,2026-04-24T18:04:40-07:00,1,8
style.css,166,css,c8d47996,ChengszuPeng,2026-04-24,18:04:40,-07:00,2026-04-24T18:04:40-07:00,0,0
style.css,167,css,c8d47996,ChengszuPeng,2026-04-24,18:04:40,-07:00,2026-04-24T18:04:40-07:00,0,0
style.css,168,css,c8d47996,ChengszuPeng,2026-04-24,18:04:40,-07:00,2026-04-24T18:04:40-07:00,0,7
style.css,169,css,c8d47996,ChengszuPeng,2026-04-24,18:04:40,-07:00,2026-04-24T18:04:40-07:00,1,10
style.css,170,css,c8d47996,ChengszuPeng,2026-04-24,18:04:40,-07:00,2026-04-24T18:04:40-07:00,1,14
style.css,171,css,c8d47996,ChengszuPeng,2026-04-24,18:04:40,-07:00,2026-04-24T18:04:40-07:00,1,18
style.css,172,css,c8d47996,ChengszuPeng,2026-04-24,18:04:40,-07:00,2026-04-24T18:04:40-07:00,1,18
style.css,173,css,c8d47996,ChengszuPeng,2026-04-24,18:04:40,-07:00,2026-04-24T18:04:40-07:00,0,0
style.css,174,css,c8d47996,ChengszuPeng,2026-04-24,18:04:40,-07:00,2026-04-24T18:04:40-07:00,0,0
style.css,175,css,c8d47996,ChengszuPeng,2026-04-24,18:04:40,-07:00,2026-04-24T18:04:40-07:00,0,8
style.css,176,css,c8d47996,ChengszuPeng,2026-04-24,18:04:40,-07:00,2026-04-24T18:04:40-07:00,1,14
style.css,177,css,c8d47996,ChengszuPeng,2026-04-24,18:04:40,-07:00,2026-04-24T18:04:40-07:00,1,15
style.css,178,css,c8d47996,ChengszuPeng,2026-04-24,18:04:40,-07:00,2026-04-24T18:04:40-07:00,0,0
style.css,179,css,c8d47996,ChengszuPeng,2026-04-24,18:04:40,-07:00,2026-04-24T18:04:40-07:00,0,0
style.css,180,css,23ba4c82,ChengszuPeng,2026-05-02,20:17:12,-07:00,2026-05-02T20:17:12-07:00,0,13
style.css,181,css,23ba4c82,ChengszuPeng,2026-05-02,20:17:12,-07:00,2026-05-02T20:17:12-07:00,1,17
style.css,182,css,23ba4c82,ChengszuPeng,2026-05-02,20:17:12,-07:00,2026-05-02T20:17:12-07:00,1,17
style.css,183,css,23ba4c82,ChengszuPeng,2026-05-02,20:17:12,-07:00,2026-05-02T20:17:12-07:00,1,10
style.css,184,css,23ba4c82,ChengszuPeng,2026-05-02,20:17:12,-07:00,2026-05-02T20:17:12-07:00,0,0
style.css,185,css,23ba4c82,ChengszuPeng,2026-05-02,20:17:12,-07:00,2026-05-02T20:17:12-07:00,0,0
style.css,186,css,23ba4c82,ChengszuPeng,2026-05-02,20:17:12,-07:00,2026-05-02T20:17:12-07:00,0,18
style.css,187,css,23ba4c82,ChengszuPeng,2026-05-02,20:17:12,-07:00,2026-05-02T20:17:12-07:00,1,14
style.css,188,css,23ba4c82,ChengszuPeng,2026-05-02,20:17:12,-07:00,2026-05-02T20:17:12-07:00,0,0
style.css,189,css,23ba4c82,ChengszuPeng,2026-05-02,20:17:12,-07:00,2026-05-02T20:17:12-07:00,0,0
style.css,190,css,23ba4c82,ChengszuPeng,2026-05-02,20:17:12,-07:00,2026-05-02T20:17:12-07:00,0,10
style.css,191,css,23ba4c82,ChengszuPeng,2026-05-02,20:17:12,-07:00,2026-05-02T20:17:12-07:00,1,12
style.css,192,css,23ba4c82,ChengszuPeng,2026-05-02,20:17:12,-07:00,2026-05-02T20:17:12-07:00,1,18
style.css,193,css,23ba4c82,ChengszuPeng,2026-05-02,20:17:12,-07:00,2026-05-02T20:17:12-07:00,1,7
style.css,194,css,23ba4c82,ChengszuPeng,2026-05-02,20:17:12,-07:00,2026-05-02T20:17:12-07:00,0,0
style.css,195,css,23ba4c82,ChengszuPeng,2026-05-02,20:17:12,-07:00,2026-05-02T20:17:12-07:00,0,0
style.css,196,css,23ba4c82,ChengszuPeng,2026-05-02,20:17:12,-07:00,2026-05-02T20:17:12-07:00,0,7
style.css,197,css,23ba4c82,ChengszuPeng,2026-05-02,20:17:12,-07:00,2026-05-02T20:17:12-07:00,1,6
style.css,198,css,23ba4c82,ChengszuPeng,2026-05-02,20:17:12,-07:00,2026-05-02T20:17:12-07:00,1,12
style.css,199,css,23ba4c82,ChengszuPeng,2026-05-02,20:17:12,-07:00,2026-05-02T20:17:12-07:00,1,57
style.css,200,css,23ba4c82,ChengszuPeng,2026-05-02,20:17:12,-07:00,2026-05-02T20:17:12-07:00,1,9
style.css,201,css,23ba4c82,ChengszuPeng,2026-05-02,20:17:12,-07:00,2026-05-02T20:17:12-07:00,1,11
style.css,202,css,23ba4c82,ChengszuPeng,2026-05-02,20:17:12,-07:00,2026-05-02T20:17:12-07:00,1,21
style.css,203,css,23ba4c82,ChengszuPeng,2026-05-02,20:17:12,-07:00,2026-05-02T20:17:12-07:00,0,0
style.css,204,css,23ba4c82,ChengszuPeng,2026-05-02,20:17:12,-07:00,2026-05-02T20:17:12-07:00,0,0
style.css,205,css,23ba4c82,ChengszuPeng,2026-05-02,20:17:12,-07:00,2026-05-02T20:17:12-07:00,0,10
style.css,206,css,23ba4c82,ChengszuPeng,2026-05-02,20:17:12,-07:00,2026-05-02T20:17:12-07:00,1,12
style.css,207,css,23ba4c82,ChengszuPeng,2026-05-02,20:17:12,-07:00,2026-05-02T20:17:12-07:00,1,18
style.css,208,css,23ba4c82,ChengszuPeng,2026-05-02,20:17:12,-07:00,2026-05-02T20:17:12-07:00,1,9
style.css,209,css,23ba4c82,ChengszuPeng,2026-05-02,20:17:12,-07:00,2026-05-02T20:17:12-07:00,0,0
style.css,210,css,23ba4c82,ChengszuPeng,2026-05-02,20:17:12,-07:00,2026-05-02T20:17:12-07:00,0,0
style.css,211,css,23ba4c82,ChengszuPeng,2026-05-02,20:17:12,-07:00,2026-05-02T20:17:12-07:00,0,7
style.css,212,css,23ba4c82,ChengszuPeng,2026-05-02,20:17:12,-07:00,2026-05-02T20:17:12-07:00,1,20
style.css,213,css,23ba4c82,ChengszuPeng,2026-05-02,20:17:12,-07:00,2026-05-02T20:17:12-07:00,1,9
style.css,214,css,23ba4c82,ChengszuPeng,2026-05-02,20:17:12,-07:00,2026-05-02T20:17:12-07:00,1,10
style.css,215,css,23ba4c82,ChengszuPeng,2026-05-02,20:17:12,-07:00,2026-05-02T20:17:12-07:00,1,29
style.css,216,css,23ba4c82,ChengszuPeng,2026-05-02,20:17:12,-07:00,2026-05-02T20:17:12-07:00,1,17
style.css,217,css,23ba4c82,ChengszuPeng,2026-05-02,20:17:12,-07:00,2026-05-02T20:17:12-07:00,0,0
style.css,218,css,23ba4c82,ChengszuPeng,2026-05-02,20:17:12,-07:00,2026-05-02T20:17:12-07:00,0,0
style.css,219,css,23ba4c82,ChengszuPeng,2026-05-02,20:17:12,-07:00,2026-05-02T20:17:12-07:00,0,36
style.css,220,css,23ba4c82,ChengszuPeng,2026-05-02,20:17:12,-07:00,2026-05-02T20:17:12-07:00,1,11
style.css,221,css,23ba4c82,ChengszuPeng,2026-05-02,20:17:12,-07:00,2026-05-02T20:17:12-07:00,0,0
style.css,222,css,23ba4c82,ChengszuPeng,2026-05-02,20:17:12,-07:00,2026-05-02T20:17:12-07:00,0,0
style.css,223,css,23ba4c82,ChengszuPeng,2026-05-02,20:17:12,-07:00,2026-05-02T20:17:12-07:00,0,4
style.css,224,css,23ba4c82,ChengszuPeng,2026-05-02,20:17:12,-07:00,2026-05-02T20:17:12-07:00,1,16
style.css,225,css,23ba4c82,ChengszuPeng,2026-05-02,20:17:12,-07:00,2026-05-02T20:17:12-07:00,0,0
style.css,226,css,23ba4c82,ChengszuPeng,2026-05-02,20:17:12,-07:00,2026-05-02T20:17:12-07:00,0,0
style.css,227,css,23ba4c82,ChengszuPeng,2026-05-02,20:17:12,-07:00,2026-05-02T20:17:12-07:00,0,9
style.css,228,css,23ba4c82,ChengszuPeng,2026-05-02,20:17:12,-07:00,2026-05-02T20:17:12-07:00,1,35
style.css,229,css,23ba4c82,ChengszuPeng,2026-05-02,20:17:12,-07:00,2026-05-02T20:17:12-07:00,0,0
style.css,230,css,23ba4c82,ChengszuPeng,2026-05-02,20:17:12,-07:00,2026-05-02T20:17:12-07:00,0,0
style.css,231,css,23ba4c82,ChengszuPeng,2026-05-02,20:17:12,-07:00,2026-05-02T20:17:12-07:00,0,18
style.css,232,css,23ba4c82,ChengszuPeng,2026-05-02,20:17:12,-07:00,2026-05-02T20:17:12-07:00,1,17
style.css,233,css,23ba4c82,ChengszuPeng,2026-05-02,20:17:12,-07:00,2026-05-02T20:17:12-07:00,0,0
style.css,234,css,03324423,ChengszuPeng,2026-04-10,17:05:50,-07:00,2026-04-10T17:05:50-07:00,0,0
style.css,235,css,23ba4c82,ChengszuPeng,2026-05-02,20:17:12,-07:00,2026-05-02T20:17:12-07:00,0,4
style.css,236,css,23ba4c82,ChengszuPeng,2026-05-02,20:17:12,-07:00,2026-05-02T20:17:12-07:00,1,14
style.css,237,css,23ba4c82,ChengszuPeng,2026-05-02,20:17:12,-07:00,2026-05-02T20:17:12-07:00,0,0
index.js,1,js,c8d47996,ChengszuPeng,2026-04-24,18:04:40,-07:00,2026-04-24T18:04:40-07:00,0,71
index.js,2,js,c8d47996,ChengszuPeng,2026-04-24,18:04:40,-07:00,2026-04-24T18:04:40-07:00,0,0
index.js,3,js,c8d47996,ChengszuPeng,2026-04-24,18:04:40,-07:00,2026-04-24T18:04:40-07:00,0,54
index.js,4,js,c8d47996,ChengszuPeng,2026-04-24,18:04:40,-07:00,2026-04-24T18:04:40-07:00,0,0
index.js,5,js,c8d47996,ChengszuPeng,2026-04-24,18:04:40,-07:00,2026-04-24T18:04:40-07:00,0,42
index.js,6,js,c8d47996,ChengszuPeng,2026-04-24,18:04:40,-07:00,2026-04-24T18:04:40-07:00,0,0
index.js,7,js,c8d47996,ChengszuPeng,2026-04-24,18:04:40,-07:00,2026-04-24T18:04:40-07:00,0,60
index.js,8,js,c8d47996,ChengszuPeng,2026-04-24,18:04:40,-07:00,2026-04-24T18:04:40-07:00,0,0
index.js,9,js,c8d47996,ChengszuPeng,2026-04-24,18:04:40,-07:00,2026-04-24T18:04:40-07:00,0,54
index.js,10,js,c8d47996,ChengszuPeng,2026-04-24,18:04:40,-07:00,2026-04-24T18:04:40-07:00,0,0
index.js,11,js,c8d47996,ChengszuPeng,2026-04-24,18:04:40,-07:00,2026-04-24T18:04:40-07:00,0,55
index.js,12,js,c8d47996,ChengszuPeng,2026-04-24,18:04:40,-07:00,2026-04-24T18:04:40-07:00,0,22
index.js,13,js,c8d47996,ChengszuPeng,2026-04-24,18:04:40,-07:00,2026-04-24T18:04:40-07:00,0,0
index.js,14,js,c8d47996,ChengszuPeng,2026-04-24,18:04:40,-07:00,2026-04-24T18:04:40-07:00,0,60
index.js,15,js,c8d47996,ChengszuPeng,2026-04-24,18:04:40,-07:00,2026-04-24T18:04:40-07:00,0,0
index.js,16,js,c8d47996,ChengszuPeng,2026-04-24,18:04:40,-07:00,2026-04-24T18:04:40-07:00,0,17
index.js,17,js,c8d47996,ChengszuPeng,2026-04-24,18:04:40,-07:00,2026-04-24T18:04:40-07:00,0,24
index.js,18,js,c8d47996,ChengszuPeng,2026-04-24,18:04:40,-07:00,2026-04-24T18:04:40-07:00,1,22
index.js,19,js,c8d47996,ChengszuPeng,2026-04-24,18:04:40,-07:00,2026-04-24T18:04:40-07:00,1,22
index.js,20,js,c8d47996,ChengszuPeng,2026-04-24,18:04:40,-07:00,2026-04-24T18:04:40-07:00,2,16
index.js,21,js,c8d47996,ChengszuPeng,2026-04-24,18:04:40,-07:00,2026-04-24T18:04:40-07:00,3,14
index.js,22,js,c8d47996,ChengszuPeng,2026-04-24,18:04:40,-07:00,2026-04-24T18:04:40-07:00,3,30
index.js,23,js,c8d47996,ChengszuPeng,2026-04-24,18:04:40,-07:00,2026-04-24T18:04:40-07:00,2,4
index.js,24,js,c8d47996,ChengszuPeng,2026-04-24,18:04:40,-07:00,2026-04-24T18:04:40-07:00,2,16
index.js,25,js,c8d47996,ChengszuPeng,2026-04-24,18:04:40,-07:00,2026-04-24T18:04:40-07:00,3,14
index.js,26,js,c8d47996,ChengszuPeng,2026-04-24,18:04:40,-07:00,2026-04-24T18:04:40-07:00,3,30
index.js,27,js,c8d47996,ChengszuPeng,2026-04-24,18:04:40,-07:00,2026-04-24T18:04:40-07:00,2,4
index.js,28,js,c8d47996,ChengszuPeng,2026-04-24,18:04:40,-07:00,2026-04-24T18:04:40-07:00,2,16
index.js,29,js,c8d47996,ChengszuPeng,2026-04-24,18:04:40,-07:00,2026-04-24T18:04:40-07:00,3,17
index.js,30,js,c8d47996,ChengszuPeng,2026-04-24,18:04:40,-07:00,2026-04-24T18:04:40-07:00,3,33
index.js,31,js,c8d47996,ChengszuPeng,2026-04-24,18:04:40,-07:00,2026-04-24T18:04:40-07:00,2,4
index.js,32,js,c8d47996,ChengszuPeng,2026-04-24,18:04:40,-07:00,2026-04-24T18:04:40-07:00,2,16
index.js,33,js,c8d47996,ChengszuPeng,2026-04-24,18:04:40,-07:00,2026-04-24T18:04:40-07:00,3,17
index.js,34,js,c8d47996,ChengszuPeng,2026-04-24,18:04:40,-07:00,2026-04-24T18:04:40-07:00,3,33
index.js,35,js,c8d47996,ChengszuPeng,2026-04-24,18:04:40,-07:00,2026-04-24T18:04:40-07:00,2,4
index.js,36,js,c8d47996,ChengszuPeng,2026-04-24,18:04:40,-07:00,2026-04-24T18:04:40-07:00,1,4
index.js,37,js,c8d47996,ChengszuPeng,2026-04-24,18:04:40,-07:00,2026-04-24T18:04:40-07:00,0,0
index.js,38,js,c8d47996,ChengszuPeng,2026-04-24,18:04:40,-07:00,2026-04-24T18:04:40-07:00,0,0
index.html,1,html,72a1582e,ChengszuPeng,2026-04-09,12:32:21,-07:00,2026-04-09T12:32:21-07:00,0,13
index.html,2,html,72a1582e,ChengszuPeng,2026-04-09,12:32:21,-07:00,2026-04-09T12:32:21-07:00,0,14
index.html,3,html,72a1582e,ChengszuPeng,2026-04-09,12:32:21,-07:00,2026-04-09T12:32:21-07:00,0,4
index.html,4,html,c8d47996,ChengszuPeng,2026-04-24,18:04:40,-07:00,2026-04-24T18:04:40-07:00,1,20
index.html,5,html,c8d47996,ChengszuPeng,2026-04-24,18:04:40,-07:00,2026-04-24T18:04:40-07:00,1,68
index.html,6,html,c8d47996,ChengszuPeng,2026-04-24,18:04:40,-07:00,2026-04-24T18:04:40-07:00,1,26
index.html,7,html,c8d47996,ChengszuPeng,2026-04-24,18:04:40,-07:00,2026-04-24T18:04:40-07:00,1,38
index.html,8,html,c8d47996,ChengszuPeng,2026-04-24,18:04:40,-07:00,2026-04-24T18:04:40-07:00,1,45
index.html,9,html,72a1582e,ChengszuPeng,2026-04-09,12:32:21,-07:00,2026-04-09T12:32:21-07:00,0,5
index.html,10,html,c8d47996,ChengszuPeng,2026-04-24,18:04:40,-07:00,2026-04-24T18:04:40-07:00,0,0
index.html,11,html,72a1582e,ChengszuPeng,2026-04-09,12:32:21,-07:00,2026-04-09T12:32:21-07:00,0,4
index.html,12,html,fe2d7b96,ChengszuPeng,2026-04-09,13:42:54,-07:00,2026-04-09T13:42:54-07:00,0,0
index.html,13,html,c8d47996,ChengszuPeng,2026-04-24,18:04:40,-07:00,2026-04-24T18:04:40-07:00,1,20
index.html,14,html,c8d47996,ChengszuPeng,2026-04-24,18:04:40,-07:00,2026-04-24T18:04:40-07:00,1,43
index.html,15,html,c8d47996,ChengszuPeng,2026-04-24,18:04:40,-07:00,2026-04-24T18:04:40-07:00,1,57
index.html,16,html,c8d47996,ChengszuPeng,2026-04-24,18:04:40,-07:00,2026-04-24T18:04:40-07:00,1,28
index.html,17,html,c8d47996,ChengszuPeng,2026-04-24,18:04:40,-07:00,2026-04-24T18:04:40-07:00,1,22
index.html,18,html,c8d47996,ChengszuPeng,2026-04-24,18:04:40,-07:00,2026-04-24T18:04:40-07:00,1,26
index.html,19,html,c8d47996,ChengszuPeng,2026-04-24,18:04:40,-07:00,2026-04-24T18:04:40-07:00,0,0
index.html,20,html,c8d47996,ChengszuPeng,2026-04-24,18:04:40,-07:00,2026-04-24T18:04:40-07:00,1,44
index.html,21,html,fe2d7b96,ChengszuPeng,2026-04-09,13:42:54,-07:00,2026-04-09T13:42:54-07:00,0,0
index.html,22,html,72a1582e,ChengszuPeng,2026-04-09,12:32:21,-07:00,2026-04-09T12:32:21-07:00,0,5
index.html,23,html,72a1582e,ChengszuPeng,2026-04-09,12:32:21,-07:00,2026-04-09T12:32:21-07:00,0,5
global.js,1,js,8bded1b3,ChengszuPeng,2026-04-17,17:28:19,-07:00,2026-04-17T17:28:19-07:00,0,25
global.js,2,js,8bded1b3,ChengszuPeng,2026-04-17,17:28:19,-07:00,2026-04-17T17:28:19-07:00,0,0
global.js,3,js,8bded1b3,ChengszuPeng,2026-04-17,17:28:19,-07:00,2026-04-17T17:28:19-07:00,0,41
global.js,4,js,8bded1b3,ChengszuPeng,2026-04-17,17:28:19,-07:00,2026-04-17T17:28:19-07:00,1,52
global.js,5,js,8bded1b3,ChengszuPeng,2026-04-17,17:28:19,-07:00,2026-04-17T17:28:19-07:00,0,0
global.js,6,js,8bded1b3,ChengszuPeng,2026-04-17,17:28:19,-07:00,2026-04-17T17:28:19-07:00,0,0
global.js,7,js,07cae043,ChengszuPeng,2026-04-17,18:11:24,-07:00,2026-04-17T18:11:24-07:00,0,15
global.js,8,js,07cae043,ChengszuPeng,2026-04-17,18:11:24,-07:00,2026-04-17T18:11:24-07:00,1,68
global.js,9,js,07cae043,ChengszuPeng,2026-04-17,18:11:24,-07:00,2026-04-17T18:11:24-07:00,2,3
global.js,10,js,ebe21daa,ChengszuPeng,2026-04-17,18:16:38,-07:00,2026-04-17T18:16:38-07:00,2,14
global.js,11,js,07cae043,ChengszuPeng,2026-04-17,18:11:24,-07:00,2026-04-17T18:11:24-07:00,0,0
global.js,12,js,8bded1b3,ChengszuPeng,2026-04-17,17:28:19,-07:00,2026-04-17T17:28:19-07:00,0,11
global.js,13,js,07cae043,ChengszuPeng,2026-04-17,18:11:24,-07:00,2026-04-17T18:11:24-07:00,1,25
global.js,14,js,07cae043,ChengszuPeng,2026-04-17,18:11:24,-07:00,2026-04-17T18:11:24-07:00,1,38
global.js,15,js,07cae043,ChengszuPeng,2026-04-17,18:11:24,-07:00,2026-04-17T18:11:24-07:00,1,36
global.js,16,js,07cae043,ChengszuPeng,2026-04-17,18:11:24,-07:00,2026-04-17T18:11:24-07:00,1,34
global.js,17,js,00000000,Not Committed Yet,2026-05-08,15:42:31,-07:00,2026-05-08T15:42:31-07:00,1,30
global.js,18,js,8bded1b3,ChengszuPeng,2026-04-17,17:28:19,-07:00,2026-04-17T17:28:19-07:00,1,57
global.js,19,js,8bded1b3,ChengszuPeng,2026-04-17,17:28:19,-07:00,2026-04-17T17:28:19-07:00,0,0
global.js,20,js,8bded1b3,ChengszuPeng,2026-04-17,17:28:19,-07:00,2026-04-17T17:28:19-07:00,0,0
global.js,21,js,8bded1b3,ChengszuPeng,2026-04-17,17:28:19,-07:00,2026-04-17T17:28:19-07:00,0,38
global.js,22,js,8bded1b3,ChengszuPeng,2026-04-17,17:28:19,-07:00,2026-04-17T17:28:19-07:00,0,25
global.js,23,js,8bded1b3,ChengszuPeng,2026-04-17,17:28:19,-07:00,2026-04-17T17:28:19-07:00,0,0
global.js,24,js,8bded1b3,ChengszuPeng,2026-04-17,17:28:19,-07:00,2026-04-17T17:28:19-07:00,0,20
global.js,25,js,8bded1b3,ChengszuPeng,2026-04-17,17:28:19,-07:00,2026-04-17T17:28:19-07:00,1,14
global.js,26,js,8bded1b3,ChengszuPeng,2026-04-17,17:28:19,-07:00,2026-04-17T17:28:19-07:00,1,18
global.js,27,js,8bded1b3,ChengszuPeng,2026-04-17,17:28:19,-07:00,2026-04-17T17:28:19-07:00,0,0
global.js,28,js,07cae043,ChengszuPeng,2026-04-17,18:11:24,-07:00,2026-04-17T18:11:24-07:00,1,28
global.js,29,js,07cae043,ChengszuPeng,2026-04-17,18:11:24,-07:00,2026-04-17T18:11:24-07:00,2,20
global.js,30,js,07cae043,ChengszuPeng,2026-04-17,18:11:24,-07:00,2026-04-17T18:11:24-07:00,1,0
global.js,31,js,07cae043,ChengszuPeng,2026-04-17,18:11:24,-07:00,2026-04-17T18:11:24-07:00,0,0
global.js,32,js,8bded1b3,ChengszuPeng,2026-04-17,17:28:19,-07:00,2026-04-17T17:28:19-07:00,1,34
global.js,33,js,8bded1b3,ChengszuPeng,2026-04-17,17:28:19,-07:00,2026-04-17T17:28:19-07:00,1,11
global.js,34,js,8bded1b3,ChengszuPeng,2026-04-17,17:28:19,-07:00,2026-04-17T17:28:19-07:00,1,20
global.js,35,js,8bded1b3,ChengszuPeng,2026-04-17,17:28:19,-07:00,2026-04-17T17:28:19-07:00,0,0
global.js,36,js,07cae043,ChengszuPeng,2026-04-17,18:11:24,-07:00,2026-04-17T18:11:24-07:00,1,65
global.js,37,js,8bded1b3,ChengszuPeng,2026-04-17,17:28:19,-07:00,2026-04-17T17:28:19-07:00,2,25
global.js,38,js,8bded1b3,ChengszuPeng,2026-04-17,17:28:19,-07:00,2026-04-17T17:28:19-07:00,1,0
global.js,39,js,8bded1b3,ChengszuPeng,2026-04-17,17:28:19,-07:00,2026-04-17T17:28:19-07:00,0,0
global.js,40,js,8bded1b3,ChengszuPeng,2026-04-17,17:28:19,-07:00,2026-04-17T17:28:19-07:00,1,29
global.js,41,js,8bded1b3,ChengszuPeng,2026-04-17,17:28:19,-07:00,2026-04-17T17:28:19-07:00,2,18
global.js,42,js,8bded1b3,ChengszuPeng,2026-04-17,17:28:19,-07:00,2026-04-17T17:28:19-07:00,1,0
global.js,43,js,8bded1b3,ChengszuPeng,2026-04-17,17:28:19,-07:00,2026-04-17T17:28:19-07:00,0,0
global.js,44,js,8bded1b3,ChengszuPeng,2026-04-17,17:28:19,-07:00,2026-04-17T17:28:19-07:00,1,12
global.js,45,js,8bded1b3,ChengszuPeng,2026-04-17,17:28:19,-07:00,2026-04-17T17:28:19-07:00,0,0
global.js,46,js,8bded1b3,ChengszuPeng,2026-04-17,17:28:19,-07:00,2026-04-17T17:28:19-07:00,0,0
global.js,47,js,8bded1b3,ChengszuPeng,2026-04-17,17:28:19,-07:00,2026-04-17T17:28:19-07:00,0,31
global.js,48,js,8bded1b3,ChengszuPeng,2026-04-17,17:28:19,-07:00,2026-04-17T17:28:19-07:00,1,11
global.js,49,js,8bded1b3,ChengszuPeng,2026-04-17,17:28:19,-07:00,2026-04-17T17:28:19-07:00,1,0
global.js,50,js,8bded1b3,ChengszuPeng,2026-04-17,17:28:19,-07:00,2026-04-17T17:28:19-07:00,2,26
global.js,51,js,8bded1b3,ChengszuPeng,2026-04-17,17:28:19,-07:00,2026-04-17T17:28:19-07:00,3,4
global.js,52,js,8bded1b3,ChengszuPeng,2026-04-17,17:28:19,-07:00,2026-04-17T17:28:19-07:00,3,6
global.js,53,js,8bded1b3,ChengszuPeng,2026-04-17,17:28:19,-07:00,2026-04-17T17:28:19-07:00,4,43
global.js,54,js,8bded1b3,ChengszuPeng,2026-04-17,17:28:19,-07:00,2026-04-17T17:28:19-07:00,4,34
global.js,55,js,8bded1b3,ChengszuPeng,2026-04-17,17:28:19,-07:00,2026-04-17T17:28:19-07:00,4,32
global.js,56,js,8bded1b3,ChengszuPeng,2026-04-17,17:28:19,-07:00,2026-04-17T17:28:19-07:00,3,7
global.js,57,js,8bded1b3,ChengszuPeng,2026-04-17,17:28:19,-07:00,2026-04-17T17:28:19-07:00,2,6
global.js,58,js,8bded1b3,ChengszuPeng,2026-04-17,17:28:19,-07:00,2026-04-17T17:28:19-07:00,1,0
global.js,59,js,8bded1b3,ChengszuPeng,2026-04-17,17:28:19,-07:00,2026-04-17T17:28:19-07:00,0,0
global.js,60,js,8bded1b3,ChengszuPeng,2026-04-17,17:28:19,-07:00,2026-04-17T17:28:19-07:00,0,0
global.js,61,js,8bded1b3,ChengszuPeng,2026-04-17,17:28:19,-07:00,2026-04-17T17:28:19-07:00,0,58
global.js,62,js,8bded1b3,ChengszuPeng,2026-04-17,17:28:19,-07:00,2026-04-17T17:28:19-07:00,0,0
global.js,63,js,8bded1b3,ChengszuPeng,2026-04-17,17:28:19,-07:00,2026-04-17T17:28:19-07:00,0,49
global.js,64,js,8bded1b3,ChengszuPeng,2026-04-17,17:28:19,-07:00,2026-04-17T17:28:19-07:00,1,29
global.js,65,js,8bded1b3,ChengszuPeng,2026-04-17,17:28:19,-07:00,2026-04-17T17:28:19-07:00,0,0
global.js,66,js,8bded1b3,ChengszuPeng,2026-04-17,17:28:19,-07:00,2026-04-17T17:28:19-07:00,1,64
global.js,67,js,8bded1b3,ChengszuPeng,2026-04-17,17:28:19,-07:00,2026-04-17T17:28:19-07:00,0,0
global.js,68,js,8bded1b3,ChengszuPeng,2026-04-17,17:28:19,-07:00,2026-04-17T17:28:19-07:00,1,31
global.js,69,js,8bded1b3,ChengszuPeng,2026-04-17,17:28:19,-07:00,2026-04-17T17:28:19-07:00,0,1
global.js,70,js,8bded1b3,ChengszuPeng,2026-04-17,17:28:19,-07:00,2026-04-17T17:28:19-07:00,0,0
global.js,71,js,8bded1b3,ChengszuPeng,2026-04-17,17:28:19,-07:00,2026-04-17T17:28:19-07:00,0,34
global.js,72,js,8bded1b3,ChengszuPeng,2026-04-17,17:28:19,-07:00,2026-04-17T17:28:19-07:00,1,35
global.js,73,js,8bded1b3,ChengszuPeng,2026-04-17,17:28:19,-07:00,2026-04-17T17:28:19-07:00,0,0
global.js,74,js,8bded1b3,ChengszuPeng,2026-04-17,17:28:19,-07:00,2026-04-17T17:28:19-07:00,1,64
global.js,75,js,8bded1b3,ChengszuPeng,2026-04-17,17:28:19,-07:00,2026-04-17T17:28:19-07:00,1,19
global.js,76,js,c8d47996,ChengszuPeng,2026-04-24,18:04:40,-07:00,2026-04-24T18:04:40-07:00,0,0
global.js,77,js,c8d47996,ChengszuPeng,2026-04-24,18:04:40,-07:00,2026-04-24T18:04:40-07:00,0,0
global.js,78,js,c8d47996,ChengszuPeng,2026-04-24,18:04:40,-07:00,2026-04-24T18:04:40-07:00,0,36
global.js,79,js,c8d47996,ChengszuPeng,2026-04-24,18:04:40,-07:00,2026-04-24T18:04:40-07:00,1,3
global.js,80,js,c8d47996,ChengszuPeng,2026-04-24,18:04:40,-07:00,2026-04-24T18:04:40-07:00,2,32
global.js,81,js,c8d47996,ChengszuPeng,2026-04-24,18:04:40,-07:00,2026-04-24T18:04:40-07:00,0,0
global.js,82,js,c8d47996,ChengszuPeng,2026-04-24,18:04:40,-07:00,2026-04-24T18:04:40-07:00,2,17
global.js,83,js,c8d47996,ChengszuPeng,2026-04-24,18:04:40,-07:00,2026-04-24T18:04:40-07:00,3,66
global.js,84,js,23ba4c82,ChengszuPeng,2026-05-02,20:17:12,-07:00,2026-05-02T20:17:12-07:00,2,0
global.js,85,js,23ba4c82,ChengszuPeng,2026-05-02,20:17:12,-07:00,2026-05-02T20:17:12-07:00,0,0
global.js,86,js,c8d47996,ChengszuPeng,2026-04-24,18:04:40,-07:00,2026-04-24T18:04:40-07:00,2,33
global.js,87,js,c8d47996,ChengszuPeng,2026-04-24,18:04:40,-07:00,2026-04-24T18:04:40-07:00,2,10
global.js,88,js,c8d47996,ChengszuPeng,2026-04-24,18:04:40,-07:00,2026-04-24T18:04:40-07:00,1,15
global.js,89,js,c8d47996,ChengszuPeng,2026-04-24,18:04:40,-07:00,2026-04-24T18:04:40-07:00,2,59
global.js,90,js,c8d47996,ChengszuPeng,2026-04-24,18:04:40,-07:00,2026-04-24T18:04:40-07:00,1,0
global.js,91,js,c8d47996,ChengszuPeng,2026-04-24,18:04:40,-07:00,2026-04-24T18:04:40-07:00,0,0
global.js,92,js,c8d47996,ChengszuPeng,2026-04-24,18:04:40,-07:00,2026-04-24T18:04:40-07:00,0,0
global.js,93,js,c8d47996,ChengszuPeng,2026-04-24,18:04:40,-07:00,2026-04-24T18:04:40-07:00,0,79
global.js,94,js,c8d47996,ChengszuPeng,2026-04-24,18:04:40,-07:00,2026-04-24T18:04:40-07:00,0,0
global.js,95,js,23ba4c82,ChengszuPeng,2026-05-02,20:17:12,-07:00,2026-05-02T20:17:12-07:00,1,28
global.js,96,js,c8d47996,ChengszuPeng,2026-04-24,18:04:40,-07:00,2026-04-24T18:04:40-07:00,0,0
global.js,97,js,23ba4c82,ChengszuPeng,2026-05-02,20:17:12,-07:00,2026-05-02T20:17:12-07:00,1,30
global.js,98,js,c8d47996,ChengszuPeng,2026-04-24,18:04:40,-07:00,2026-04-24T18:04:40-07:00,0,0
global.js,99,js,23ba4c82,ChengszuPeng,2026-05-02,20:17:12,-07:00,2026-05-02T20:17:12-07:00,1,29
global.js,100,js,c8d47996,ChengszuPeng,2026-04-24,18:04:40,-07:00,2026-04-24T18:04:40-07:00,0,0
global.js,101,js,23ba4c82,ChengszuPeng,2026-05-02,20:17:12,-07:00,2026-05-02T20:17:12-07:00,2,48
global.js,102,js,c8d47996,ChengszuPeng,2026-04-24,18:04:40,-07:00,2026-04-24T18:04:40-07:00,0,0
global.js,103,js,23ba4c82,ChengszuPeng,2026-05-02,20:17:12,-07:00,2026-05-02T20:17:12-07:00,2,19
global.js,104,js,23ba4c82,ChengszuPeng,2026-05-02,20:17:12,-07:00,2026-05-02T20:17:12-07:00,3,49
global.js,105,js,23ba4c82,ChengszuPeng,2026-05-02,20:17:12,-07:00,2026-05-02T20:17:12-07:00,3,49
global.js,106,js,23ba4c82,ChengszuPeng,2026-05-02,20:17:12,-07:00,2026-05-02T20:17:12-07:00,3,3
global.js,107,js,23ba4c82,ChengszuPeng,2026-05-02,20:17:12,-07:00,2026-05-02T20:17:12-07:00,4,27
global.js,108,js,23ba4c82,ChengszuPeng,2026-05-02,20:17:12,-07:00,2026-05-02T20:17:12-07:00,4,44
global.js,109,js,23ba4c82,ChengszuPeng,2026-05-02,20:17:12,-07:00,2026-05-02T20:17:12-07:00,3,4
global.js,110,js,23ba4c82,ChengszuPeng,2026-05-02,20:17:12,-07:00,2026-05-02T20:17:12-07:00,2,0
global.js,111,js,c8d47996,ChengszuPeng,2026-04-24,18:04:40,-07:00,2026-04-24T18:04:40-07:00,0,0
global.js,112,js,23ba4c82,ChengszuPeng,2026-05-02,20:17:12,-07:00,2026-05-02T20:17:12-07:00,2,36
global.js,113,js,23ba4c82,ChengszuPeng,2026-05-02,20:17:12,-07:00,2026-05-02T20:17:12-07:00,1,0
global.js,114,js,c8d47996,ChengszuPeng,2026-04-24,18:04:40,-07:00,2026-04-24T18:04:40-07:00,0,0
global.js,115,js,23ba4c82,ChengszuPeng,2026-05-02,20:17:12,-07:00,2026-05-02T20:17:12-07:00,0,0
global.js,116,js,c8d47996,ChengszuPeng,2026-04-24,18:04:40,-07:00,2026-04-24T18:04:40-07:00,0,47
global.js,117,js,c8d47996,ChengszuPeng,2026-04-24,18:04:40,-07:00,2026-04-24T18:04:40-07:00,1,59
global.js,118,js,8bded1b3,ChengszuPeng,2026-04-17,17:28:19,-07:00,2026-04-17T17:28:19-07:00,0,0
resume/index.html,1,html,5ded51cf,ChengszuPeng,2026-04-09,14:09:36,-07:00,2026-04-09T14:09:36-07:00,0,13
resume/index.html,2,html,5ded51cf,ChengszuPeng,2026-04-09,14:09:36,-07:00,2026-04-09T14:09:36-07:00,0,14
resume/index.html,3,html,5ded51cf,ChengszuPeng,2026-04-09,14:09:36,-07:00,2026-04-09T14:09:36-07:00,0,4
resume/index.html,4,html,5ded51cf,ChengszuPeng,2026-04-09,14:09:36,-07:00,2026-04-09T14:09:36-07:00,2,20
resume/index.html,5,html,5ded51cf,ChengszuPeng,2026-04-09,14:09:36,-07:00,2026-04-09T14:09:36-07:00,2,68
resume/index.html,6,html,5ded51cf,ChengszuPeng,2026-04-09,14:09:36,-07:00,2026-04-09T14:09:36-07:00,2,19
resume/index.html,7,html,5ded51cf,ChengszuPeng,2026-04-09,14:09:36,-07:00,2026-04-09T14:09:36-07:00,2,41
resume/index.html,8,html,8bded1b3,ChengszuPeng,2026-04-17,17:28:19,-07:00,2026-04-17T17:28:19-07:00,2,48
resume/index.html,9,html,03324423,ChengszuPeng,2026-04-10,17:05:50,-07:00,2026-04-10T17:05:50-07:00,0,19
resume/index.html,10,html,8bded1b3,ChengszuPeng,2026-04-17,17:28:19,-07:00,2026-04-17T17:28:19-07:00,2,0
resume/index.html,11,html,5ded51cf,ChengszuPeng,2026-04-09,14:09:36,-07:00,2026-04-09T14:09:36-07:00,2,20
resume/index.html,12,html,5ded51cf,ChengszuPeng,2026-04-09,14:09:36,-07:00,2026-04-09T14:09:36-07:00,0,0
resume/index.html,13,html,5ded51cf,ChengszuPeng,2026-04-09,14:09:36,-07:00,2026-04-09T14:09:36-07:00,2,7
resume/index.html,14,html,5ded51cf,ChengszuPeng,2026-04-09,14:09:36,-07:00,2026-04-09T14:09:36-07:00,4,26
resume/index.html,15,html,5ded51cf,ChengszuPeng,2026-04-09,14:09:36,-07:00,2026-04-09T14:09:36-07:00,4,27
resume/index.html,16,html,5ded51cf,ChengszuPeng,2026-04-09,14:09:36,-07:00,2026-04-09T14:09:36-07:00,4,22
resume/index.html,17,html,5ded51cf,ChengszuPeng,2026-04-09,14:09:36,-07:00,2026-04-09T14:09:36-07:00,4,28
resume/index.html,18,html,5ded51cf,ChengszuPeng,2026-04-09,14:09:36,-07:00,2026-04-09T14:09:36-07:00,2,8
resume/index.html,19,html,5ded51cf,ChengszuPeng,2026-04-09,14:09:36,-07:00,2026-04-09T14:09:36-07:00,0,0
resume/index.html,20,html,5ded51cf,ChengszuPeng,2026-04-09,14:09:36,-07:00,2026-04-09T14:09:36-07:00,2,7
resume/index.html,21,html,5ded51cf,ChengszuPeng,2026-04-09,14:09:36,-07:00,2026-04-09T14:09:36-07:00,4,16
resume/index.html,22,html,5ded51cf,ChengszuPeng,2026-04-09,14:09:36,-07:00,2026-04-09T14:09:36-07:00,0,0
resume/index.html,23,html,5ded51cf,ChengszuPeng,2026-04-09,14:09:36,-07:00,2026-04-09T14:09:36-07:00,4,7
resume/index.html,24,html,5ded51cf,ChengszuPeng,2026-04-09,14:09:36,-07:00,2026-04-09T14:09:36-07:00,6,49
resume/index.html,25,html,5ded51cf,ChengszuPeng,2026-04-09,14:09:36,-07:00,2026-04-09T14:09:36-07:00,6,24
resume/index.html,26,html,5ded51cf,ChengszuPeng,2026-04-09,14:09:36,-07:00,2026-04-09T14:09:36-07:00,6,26
resume/index.html,27,html,5ded51cf,ChengszuPeng,2026-04-09,14:09:36,-07:00,2026-04-09T14:09:36-07:00,4,8
resume/index.html,28,html,5ded51cf,ChengszuPeng,2026-04-09,14:09:36,-07:00,2026-04-09T14:09:36-07:00,0,0
resume/index.html,29,html,5ded51cf,ChengszuPeng,2026-04-09,14:09:36,-07:00,2026-04-09T14:09:36-07:00,4,7
resume/index.html,30,html,5ded51cf,ChengszuPeng,2026-04-09,14:09:36,-07:00,2026-04-09T14:09:36-07:00,6,31
resume/index.html,31,html,5ded51cf,ChengszuPeng,2026-04-09,14:09:36,-07:00,2026-04-09T14:09:36-07:00,6,24
resume/index.html,32,html,5ded51cf,ChengszuPeng,2026-04-09,14:09:36,-07:00,2026-04-09T14:09:36-07:00,6,22
resume/index.html,33,html,5ded51cf,ChengszuPeng,2026-04-09,14:09:36,-07:00,2026-04-09T14:09:36-07:00,4,8
resume/index.html,34,html,5ded51cf,ChengszuPeng,2026-04-09,14:09:36,-07:00,2026-04-09T14:09:36-07:00,0,0
resume/index.html,35,html,5ded51cf,ChengszuPeng,2026-04-09,14:09:36,-07:00,2026-04-09T14:09:36-07:00,4,7
resume/index.html,36,html,5ded51cf,ChengszuPeng,2026-04-09,14:09:36,-07:00,2026-04-09T14:09:36-07:00,6,33
resume/index.html,37,html,5ded51cf,ChengszuPeng,2026-04-09,14:09:36,-07:00,2026-04-09T14:09:36-07:00,6,22
resume/index.html,38,html,5ded51cf,ChengszuPeng,2026-04-09,14:09:36,-07:00,2026-04-09T14:09:36-07:00,4,8
resume/index.html,39,html,5ded51cf,ChengszuPeng,2026-04-09,14:09:36,-07:00,2026-04-09T14:09:36-07:00,2,8
resume/index.html,40,html,5ded51cf,ChengszuPeng,2026-04-09,14:09:36,-07:00,2026-04-09T14:09:36-07:00,0,0
resume/index.html,41,html,5ded51cf,ChengszuPeng,2026-04-09,14:09:36,-07:00,2026-04-09T14:09:36-07:00,2,7
resume/index.html,42,html,5ded51cf,ChengszuPeng,2026-04-09,14:09:36,-07:00,2026-04-09T14:09:36-07:00,4,26
resume/index.html,43,html,5ded51cf,ChengszuPeng,2026-04-09,14:09:36,-07:00,2026-04-09T14:09:36-07:00,4,2
resume/index.html,44,html,5ded51cf,ChengszuPeng,2026-04-09,14:09:36,-07:00,2026-04-09T14:09:36-07:00,6,39
resume/index.html,45,html,5ded51cf,ChengszuPeng,2026-04-09,14:09:36,-07:00,2026-04-09T14:09:36-07:00,6,37
resume/index.html,46,html,5ded51cf,ChengszuPeng,2026-04-09,14:09:36,-07:00,2026-04-09T14:09:36-07:00,6,29
resume/index.html,47,html,5ded51cf,ChengszuPeng,2026-04-09,14:09:36,-07:00,2026-04-09T14:09:36-07:00,6,46
resume/index.html,48,html,5ded51cf,ChengszuPeng,2026-04-09,14:09:36,-07:00,2026-04-09T14:09:36-07:00,6,23
resume/index.html,49,html,5ded51cf,ChengszuPeng,2026-04-09,14:09:36,-07:00,2026-04-09T14:09:36-07:00,4,3
resume/index.html,50,html,5ded51cf,ChengszuPeng,2026-04-09,14:09:36,-07:00,2026-04-09T14:09:36-07:00,2,8
resume/index.html,51,html,5ded51cf,ChengszuPeng,2026-04-09,14:09:36,-07:00,2026-04-09T14:09:36-07:00,0,0
resume/index.html,52,html,5ded51cf,ChengszuPeng,2026-04-09,14:09:36,-07:00,2026-04-09T14:09:36-07:00,2,7
resume/index.html,53,html,5ded51cf,ChengszuPeng,2026-04-09,14:09:36,-07:00,2026-04-09T14:09:36-07:00,4,23
resume/index.html,54,html,5ded51cf,ChengszuPeng,2026-04-09,14:09:36,-07:00,2026-04-09T14:09:36-07:00,4,2
resume/index.html,55,html,5ded51cf,ChengszuPeng,2026-04-09,14:09:36,-07:00,2026-04-09T14:09:36-07:00,6,85
resume/index.html,56,html,5ded51cf,ChengszuPeng,2026-04-09,14:09:36,-07:00,2026-04-09T14:09:36-07:00,6,11
resume/index.html,57,html,5ded51cf,ChengszuPeng,2026-04-09,14:09:36,-07:00,2026-04-09T14:09:36-07:00,6,10
resume/index.html,58,html,5ded51cf,ChengszuPeng,2026-04-09,14:09:36,-07:00,2026-04-09T14:09:36-07:00,6,23
resume/index.html,59,html,5ded51cf,ChengszuPeng,2026-04-09,14:09:36,-07:00,2026-04-09T14:09:36-07:00,4,3
resume/index.html,60,html,5ded51cf,ChengszuPeng,2026-04-09,14:09:36,-07:00,2026-04-09T14:09:36-07:00,2,8
resume/index.html,61,html,5ded51cf,ChengszuPeng,2026-04-09,14:09:36,-07:00,2026-04-09T14:09:36-07:00,0,0
resume/index.html,62,html,5ded51cf,ChengszuPeng,2026-04-09,14:09:36,-07:00,2026-04-09T14:09:36-07:00,2,7
resume/index.html,63,html,5ded51cf,ChengszuPeng,2026-04-09,14:09:36,-07:00,2026-04-09T14:09:36-07:00,4,28
resume/index.html,64,html,5ded51cf,ChengszuPeng,2026-04-09,14:09:36,-07:00,2026-04-09T14:09:36-07:00,0,0
resume/index.html,65,html,5ded51cf,ChengszuPeng,2026-04-09,14:09:36,-07:00,2026-04-09T14:09:36-07:00,4,7
resume/index.html,66,html,5ded51cf,ChengszuPeng,2026-04-09,14:09:36,-07:00,2026-04-09T14:09:36-07:00,6,36
resume/index.html,67,html,5ded51cf,ChengszuPeng,2026-04-09,14:09:36,-07:00,2026-04-09T14:09:36-07:00,6,82
resume/index.html,68,html,5ded51cf,ChengszuPeng,2026-04-09,14:09:36,-07:00,2026-04-09T14:09:36-07:00,4,8
resume/index.html,69,html,5ded51cf,ChengszuPeng,2026-04-09,14:09:36,-07:00,2026-04-09T14:09:36-07:00,0,0
resume/index.html,70,html,5ded51cf,ChengszuPeng,2026-04-09,14:09:36,-07:00,2026-04-09T14:09:36-07:00,4,7
resume/index.html,71,html,5ded51cf,ChengszuPeng,2026-04-09,14:09:36,-07:00,2026-04-09T14:09:36-07:00,6,44
resume/index.html,72,html,5ded51cf,ChengszuPeng,2026-04-09,14:09:36,-07:00,2026-04-09T14:09:36-07:00,6,92
resume/index.html,73,html,5ded51cf,ChengszuPeng,2026-04-09,14:09:36,-07:00,2026-04-09T14:09:36-07:00,4,8
resume/index.html,74,html,5ded51cf,ChengszuPeng,2026-04-09,14:09:36,-07:00,2026-04-09T14:09:36-07:00,0,0
resume/index.html,75,html,5ded51cf,ChengszuPeng,2026-04-09,14:09:36,-07:00,2026-04-09T14:09:36-07:00,4,7
resume/index.html,76,html,5ded51cf,ChengszuPeng,2026-04-09,14:09:36,-07:00,2026-04-09T14:09:36-07:00,6,35
resume/index.html,77,html,5ded51cf,ChengszuPeng,2026-04-09,14:09:36,-07:00,2026-04-09T14:09:36-07:00,6,94
resume/index.html,78,html,5ded51cf,ChengszuPeng,2026-04-09,14:09:36,-07:00,2026-04-09T14:09:36-07:00,4,8
resume/index.html,79,html,5ded51cf,ChengszuPeng,2026-04-09,14:09:36,-07:00,2026-04-09T14:09:36-07:00,0,0
resume/index.html,80,html,5ded51cf,ChengszuPeng,2026-04-09,14:09:36,-07:00,2026-04-09T14:09:36-07:00,4,7
resume/index.html,81,html,5ded51cf,ChengszuPeng,2026-04-09,14:09:36,-07:00,2026-04-09T14:09:36-07:00,6,35
resume/index.html,82,html,5ded51cf,ChengszuPeng,2026-04-09,14:09:36,-07:00,2026-04-09T14:09:36-07:00,6,82
resume/index.html,83,html,5ded51cf,ChengszuPeng,2026-04-09,14:09:36,-07:00,2026-04-09T14:09:36-07:00,4,8
resume/index.html,84,html,5ded51cf,ChengszuPeng,2026-04-09,14:09:36,-07:00,2026-04-09T14:09:36-07:00,2,8
resume/index.html,85,html,5ded51cf,ChengszuPeng,2026-04-09,14:09:36,-07:00,2026-04-09T14:09:36-07:00,0,0
resume/index.html,86,html,5ded51cf,ChengszuPeng,2026-04-09,14:09:36,-07:00,2026-04-09T14:09:36-07:00,2,7
resume/index.html,87,html,5ded51cf,ChengszuPeng,2026-04-09,14:09:36,-07:00,2026-04-09T14:09:36-07:00,4,17
resume/index.html,88,html,5ded51cf,ChengszuPeng,2026-04-09,14:09:36,-07:00,2026-04-09T14:09:36-07:00,4,85
resume/index.html,89,html,5ded51cf,ChengszuPeng,2026-04-09,14:09:36,-07:00,2026-04-09T14:09:36-07:00,4,22
resume/index.html,90,html,5ded51cf,ChengszuPeng,2026-04-09,14:09:36,-07:00,2026-04-09T14:09:36-07:00,0,0
resume/index.html,91,html,5ded51cf,ChengszuPeng,2026-04-09,14:09:36,-07:00,2026-04-09T14:09:36-07:00,2,8
resume/index.html,92,html,03324423,ChengszuPeng,2026-04-10,17:05:50,-07:00,2026-04-10T17:05:50-07:00,0,19
resume/index.html,93,html,03324423,ChengszuPeng,2026-04-10,17:05:50,-07:00,2026-04-10T17:05:50-07:00,2,0
resume/index.html,94,html,5ded51cf,ChengszuPeng,2026-04-09,14:09:36,-07:00,2026-04-09T14:09:36-07:00,0,5
projects/projects.js,1,js,23ba4c82,ChengszuPeng,2026-05-02,20:17:12,-07:00,2026-05-02T20:17:12-07:00,0,63
projects/projects.js,2,js,c8d47996,ChengszuPeng,2026-04-24,18:04:40,-07:00,2026-04-24T18:04:40-07:00,0,55
projects/projects.js,3,js,c8d47996,ChengszuPeng,2026-04-24,18:04:40,-07:00,2026-04-24T18:04:40-07:00,0,0
projects/projects.js,4,js,23ba4c82,ChengszuPeng,2026-05-02,20:17:12,-07:00,2026-05-02T20:17:12-07:00,0,13
projects/projects.js,5,js,23ba4c82,ChengszuPeng,2026-05-02,20:17:12,-07:00,2026-05-02T20:17:12-07:00,0,21
projects/projects.js,6,js,23ba4c82,ChengszuPeng,2026-05-02,20:17:12,-07:00,2026-05-02T20:17:12-07:00,0,0
projects/projects.js,7,js,c8d47996,ChengszuPeng,2026-04-24,18:04:40,-07:00,2026-04-24T18:04:40-07:00,0,55
projects/projects.js,8,js,c8d47996,ChengszuPeng,2026-04-24,18:04:40,-07:00,2026-04-24T18:04:40-07:00,0,60
projects/projects.js,9,js,c8d47996,ChengszuPeng,2026-04-24,18:04:40,-07:00,2026-04-24T18:04:40-07:00,0,61
projects/projects.js,10,js,23ba4c82,ChengszuPeng,2026-05-02,20:17:12,-07:00,2026-05-02T20:17:12-07:00,0,55
projects/projects.js,11,js,23ba4c82,ChengszuPeng,2026-05-02,20:17:12,-07:00,2026-05-02T20:17:12-07:00,0,0
projects/projects.js,12,js,23ba4c82,ChengszuPeng,2026-05-02,20:17:12,-07:00,2026-05-02T20:17:12-07:00,0,30
projects/projects.js,13,js,23ba4c82,ChengszuPeng,2026-05-02,20:17:12,-07:00,2026-05-02T20:17:12-07:00,1,35
projects/projects.js,14,js,23ba4c82,ChengszuPeng,2026-05-02,20:17:12,-07:00,2026-05-02T20:17:12-07:00,2,59
projects/projects.js,15,js,23ba4c82,ChengszuPeng,2026-05-02,20:17:12,-07:00,2026-05-02T20:17:12-07:00,2,42
projects/projects.js,16,js,23ba4c82,ChengszuPeng,2026-05-02,20:17:12,-07:00,2026-05-02T20:17:12-07:00,1,1
projects/projects.js,17,js,23ba4c82,ChengszuPeng,2026-05-02,20:17:12,-07:00,2026-05-02T20:17:12-07:00,0,0
projects/projects.js,18,js,23ba4c82,ChengszuPeng,2026-05-02,20:17:12,-07:00,2026-05-02T20:17:12-07:00,0,0
projects/projects.js,19,js,23ba4c82,ChengszuPeng,2026-05-02,20:17:12,-07:00,2026-05-02T20:17:12-07:00,0,38
projects/projects.js,20,js,23ba4c82,ChengszuPeng,2026-05-02,20:17:12,-07:00,2026-05-02T20:17:12-07:00,1,42
projects/projects.js,21,js,23ba4c82,ChengszuPeng,2026-05-02,20:17:12,-07:00,2026-05-02T20:17:12-07:00,1,34
projects/projects.js,22,js,23ba4c82,ChengszuPeng,2026-05-02,20:17:12,-07:00,2026-05-02T20:17:12-07:00,0,0
projects/projects.js,23,js,23ba4c82,ChengszuPeng,2026-05-02,20:17:12,-07:00,2026-05-02T20:17:12-07:00,1,29
projects/projects.js,24,js,23ba4c82,ChengszuPeng,2026-05-02,20:17:12,-07:00,2026-05-02T20:17:12-07:00,1,30
projects/projects.js,25,js,23ba4c82,ChengszuPeng,2026-05-02,20:17:12,-07:00,2026-05-02T20:17:12-07:00,0,0
projects/projects.js,26,js,23ba4c82,ChengszuPeng,2026-05-02,20:17:12,-07:00,2026-05-02T20:17:12-07:00,1,28
projects/projects.js,27,js,23ba4c82,ChengszuPeng,2026-05-02,20:17:12,-07:00,2026-05-02T20:17:12-07:00,2,12
projects/projects.js,28,js,23ba4c82,ChengszuPeng,2026-05-02,20:17:12,-07:00,2026-05-02T20:17:12-07:00,2,12
projects/projects.js,29,js,23ba4c82,ChengszuPeng,2026-05-02,20:17:12,-07:00,2026-05-02T20:17:12-07:00,2,9
projects/projects.js,30,js,23ba4c82,ChengszuPeng,2026-05-02,20:17:12,-07:00,2026-05-02T20:17:12-07:00,1,0
projects/projects.js,31,js,23ba4c82,ChengszuPeng,2026-05-02,20:17:12,-07:00,2026-05-02T20:17:12-07:00,0,0
projects/projects.js,32,js,23ba4c82,ChengszuPeng,2026-05-02,20:17:12,-07:00,2026-05-02T20:17:12-07:00,1,46
projects/projects.js,33,js,23ba4c82,ChengszuPeng,2026-05-02,20:17:12,-07:00,2026-05-02T20:17:12-07:00,2,35
projects/projects.js,34,js,23ba4c82,ChengszuPeng,2026-05-02,20:17:12,-07:00,2026-05-02T20:17:12-07:00,1,1
projects/projects.js,35,js,23ba4c82,ChengszuPeng,2026-05-02,20:17:12,-07:00,2026-05-02T20:17:12-07:00,0,0
projects/projects.js,36,js,23ba4c82,ChengszuPeng,2026-05-02,20:17:12,-07:00,2026-05-02T20:17:12-07:00,1,27
projects/projects.js,37,js,23ba4c82,ChengszuPeng,2026-05-02,20:17:12,-07:00,2026-05-02T20:17:12-07:00,2,13
projects/projects.js,38,js,23ba4c82,ChengszuPeng,2026-05-02,20:17:12,-07:00,2026-05-02T20:17:12-07:00,2,15
projects/projects.js,39,js,23ba4c82,ChengszuPeng,2026-05-02,20:17:12,-07:00,2026-05-02T20:17:12-07:00,0,0
projects/projects.js,40,js,23ba4c82,ChengszuPeng,2026-05-02,20:17:12,-07:00,2026-05-02T20:17:12-07:00,1,49
projects/projects.js,41,js,23ba4c82,ChengszuPeng,2026-05-02,20:17:12,-07:00,2026-05-02T20:17:12-07:00,1,39
projects/projects.js,42,js,23ba4c82,ChengszuPeng,2026-05-02,20:17:12,-07:00,2026-05-02T20:17:12-07:00,1,24
projects/projects.js,43,js,23ba4c82,ChengszuPeng,2026-05-02,20:17:12,-07:00,2026-05-02T20:17:12-07:00,0,0
projects/projects.js,44,js,23ba4c82,ChengszuPeng,2026-05-02,20:17:12,-07:00,2026-05-02T20:17:12-07:00,1,25
projects/projects.js,45,js,23ba4c82,ChengszuPeng,2026-05-02,20:17:12,-07:00,2026-05-02T20:17:12-07:00,2,16
projects/projects.js,46,js,23ba4c82,ChengszuPeng,2026-05-02,20:17:12,-07:00,2026-05-02T20:17:12-07:00,3,25
projects/projects.js,47,js,23ba4c82,ChengszuPeng,2026-05-02,20:17:12,-07:00,2026-05-02T20:17:12-07:00,3,22
projects/projects.js,48,js,23ba4c82,ChengszuPeng,2026-05-02,20:17:12,-07:00,2026-05-02T20:17:12-07:00,3,51
projects/projects.js,49,js,23ba4c82,ChengszuPeng,2026-05-02,20:17:12,-07:00,2026-05-02T20:17:12-07:00,3,18
projects/projects.js,50,js,23ba4c82,ChengszuPeng,2026-05-02,20:17:12,-07:00,2026-05-02T20:17:12-07:00,4,43
projects/projects.js,51,js,23ba4c82,ChengszuPeng,2026-05-02,20:17:12,-07:00,2026-05-02T20:17:12-07:00,4,11
projects/projects.js,52,js,23ba4c82,ChengszuPeng,2026-05-02,20:17:12,-07:00,2026-05-02T20:17:12-07:00,3,1
projects/projects.js,53,js,23ba4c82,ChengszuPeng,2026-05-02,20:17:12,-07:00,2026-05-02T20:17:12-07:00,1,1
projects/projects.js,54,js,23ba4c82,ChengszuPeng,2026-05-02,20:17:12,-07:00,2026-05-02T20:17:12-07:00,0,0
projects/projects.js,55,js,23ba4c82,ChengszuPeng,2026-05-02,20:17:12,-07:00,2026-05-02T20:17:12-07:00,1,22
projects/projects.js,56,js,23ba4c82,ChengszuPeng,2026-05-02,20:17:12,-07:00,2026-05-02T20:17:12-07:00,2,17
projects/projects.js,57,js,23ba4c82,ChengszuPeng,2026-05-02,20:17:12,-07:00,2026-05-02T20:17:12-07:00,3,36
projects/projects.js,58,js,23ba4c82,ChengszuPeng,2026-05-02,20:17:12,-07:00,2026-05-02T20:17:12-07:00,3,51
projects/projects.js,59,js,23ba4c82,ChengszuPeng,2026-05-02,20:17:12,-07:00,2026-05-02T20:17:12-07:00,3,69
projects/projects.js,60,js,23ba4c82,ChengszuPeng,2026-05-02,20:17:12,-07:00,2026-05-02T20:17:12-07:00,1,1
projects/projects.js,61,js,23ba4c82,ChengszuPeng,2026-05-02,20:17:12,-07:00,2026-05-02T20:17:12-07:00,0,0
projects/projects.js,62,js,23ba4c82,ChengszuPeng,2026-05-02,20:17:12,-07:00,2026-05-02T20:17:12-07:00,1,10
projects/projects.js,63,js,23ba4c82,ChengszuPeng,2026-05-02,20:17:12,-07:00,2026-05-02T20:17:12-07:00,0,0
projects/projects.js,64,js,23ba4c82,ChengszuPeng,2026-05-02,20:17:12,-07:00,2026-05-02T20:17:12-07:00,0,0
projects/projects.js,65,js,23ba4c82,ChengszuPeng,2026-05-02,20:17:12,-07:00,2026-05-02T20:17:12-07:00,0,21
projects/projects.js,66,js,23ba4c82,ChengszuPeng,2026-05-02,20:17:12,-07:00,2026-05-02T20:17:12-07:00,1,43
projects/projects.js,67,js,23ba4c82,ChengszuPeng,2026-05-02,20:17:12,-07:00,2026-05-02T20:17:12-07:00,0,0
projects/projects.js,68,js,23ba4c82,ChengszuPeng,2026-05-02,20:17:12,-07:00,2026-05-02T20:17:12-07:00,1,28
projects/projects.js,69,js,23ba4c82,ChengszuPeng,2026-05-02,20:17:12,-07:00,2026-05-02T20:17:12-07:00,2,15
projects/projects.js,70,js,23ba4c82,ChengszuPeng,2026-05-02,20:17:12,-07:00,2026-05-02T20:17:12-07:00,2,12
projects/projects.js,71,js,23ba4c82,ChengszuPeng,2026-05-02,20:17:12,-07:00,2026-05-02T20:17:12-07:00,2,9
projects/projects.js,72,js,23ba4c82,ChengszuPeng,2026-05-02,20:17:12,-07:00,2026-05-02T20:17:12-07:00,1,0
projects/projects.js,73,js,23ba4c82,ChengszuPeng,2026-05-02,20:17:12,-07:00,2026-05-02T20:17:12-07:00,0,0
projects/projects.js,74,js,23ba4c82,ChengszuPeng,2026-05-02,20:17:12,-07:00,2026-05-02T20:17:12-07:00,1,46
projects/projects.js,75,js,23ba4c82,ChengszuPeng,2026-05-02,20:17:12,-07:00,2026-05-02T20:17:12-07:00,2,35
projects/projects.js,76,js,23ba4c82,ChengszuPeng,2026-05-02,20:17:12,-07:00,2026-05-02T20:17:12-07:00,1,1
projects/projects.js,77,js,23ba4c82,ChengszuPeng,2026-05-02,20:17:12,-07:00,2026-05-02T20:17:12-07:00,0,0
projects/projects.js,78,js,23ba4c82,ChengszuPeng,2026-05-02,20:17:12,-07:00,2026-05-02T20:17:12-07:00,1,25
projects/projects.js,79,js,23ba4c82,ChengszuPeng,2026-05-02,20:17:12,-07:00,2026-05-02T20:17:12-07:00,2,45
projects/projects.js,80,js,23ba4c82,ChengszuPeng,2026-05-02,20:17:12,-07:00,2026-05-02T20:17:12-07:00,2,85
projects/projects.js,81,js,23ba4c82,ChengszuPeng,2026-05-02,20:17:12,-07:00,2026-05-02T20:17:12-07:00,1,0
projects/projects.js,82,js,23ba4c82,ChengszuPeng,2026-05-02,20:17:12,-07:00,2026-05-02T20:17:12-07:00,0,0
projects/projects.js,83,js,23ba4c82,ChengszuPeng,2026-05-02,20:17:12,-07:00,2026-05-02T20:17:12-07:00,1,63
projects/projects.js,84,js,23ba4c82,ChengszuPeng,2026-05-02,20:17:12,-07:00,2026-05-02T20:17:12-07:00,1,31
projects/projects.js,85,js,23ba4c82,ChengszuPeng,2026-05-02,20:17:12,-07:00,2026-05-02T20:17:12-07:00,1,56
projects/projects.js,86,js,23ba4c82,ChengszuPeng,2026-05-02,20:17:12,-07:00,2026-05-02T20:17:12-07:00,1,36
projects/projects.js,87,js,23ba4c82,ChengszuPeng,2026-05-02,20:17:12,-07:00,2026-05-02T20:17:12-07:00,0,0
projects/projects.js,88,js,23ba4c82,ChengszuPeng,2026-05-02,20:17:12,-07:00,2026-05-02T20:17:12-07:00,0,0
projects/projects.js,89,js,23ba4c82,ChengszuPeng,2026-05-02,20:17:12,-07:00,2026-05-02T20:17:12-07:00,0,11
projects/projects.js,90,js,23ba4c82,ChengszuPeng,2026-05-02,20:17:12,-07:00,2026-05-02T20:17:12-07:00,0,0
projects/projects.js,91,js,23ba4c82,ChengszuPeng,2026-05-02,20:17:12,-07:00,2026-05-02T20:17:12-07:00,0,48
projects/projects.js,92,js,23ba4c82,ChengszuPeng,2026-05-02,20:17:12,-07:00,2026-05-02T20:17:12-07:00,1,25
projects/projects.js,93,js,23ba4c82,ChengszuPeng,2026-05-02,20:17:12,-07:00,2026-05-02T20:17:12-07:00,1,17
projects/projects.js,94,js,23ba4c82,ChengszuPeng,2026-05-02,20:17:12,-07:00,2026-05-02T20:17:12-07:00,1,11
projects/projects.js,95,js,23ba4c82,ChengszuPeng,2026-05-02,20:17:12,-07:00,2026-05-02T20:17:12-07:00,0,1
projects/index.html,1,html,fe2d7b96,ChengszuPeng,2026-04-09,13:42:54,-07:00,2026-04-09T13:42:54-07:00,0,13
projects/index.html,2,html,fe2d7b96,ChengszuPeng,2026-04-09,13:42:54,-07:00,2026-04-09T13:42:54-07:00,0,14
projects/index.html,3,html,fe2d7b96,ChengszuPeng,2026-04-09,13:42:54,-07:00,2026-04-09T13:42:54-07:00,0,4
projects/index.html,4,html,23ba4c82,ChengszuPeng,2026-05-02,20:17:12,-07:00,2026-05-02T20:17:12-07:00,1,22
projects/index.html,5,html,23ba4c82,ChengszuPeng,2026-05-02,20:17:12,-07:00,2026-05-02T20:17:12-07:00,1,70
projects/index.html,6,html,c8d47996,ChengszuPeng,2026-04-24,18:04:40,-07:00,2026-04-24T18:04:40-07:00,1,21
projects/index.html,7,html,23ba4c82,ChengszuPeng,2026-05-02,20:17:12,-07:00,2026-05-02T20:17:12-07:00,1,43
projects/index.html,8,html,fe2d7b96,ChengszuPeng,2026-04-09,13:42:54,-07:00,2026-04-09T13:42:54-07:00,0,5
projects/index.html,9,html,fe2d7b96,ChengszuPeng,2026-04-09,13:42:54,-07:00,2026-04-09T13:42:54-07:00,0,0
projects/index.html,10,html,c8d47996,ChengszuPeng,2026-04-24,18:04:40,-07:00,2026-04-24T18:04:40-07:00,0,4
projects/index.html,11,html,23ba4c82,ChengszuPeng,2026-05-02,20:17:12,-07:00,2026-05-02T20:17:12-07:00,1,38
projects/index.html,12,html,23ba4c82,ChengszuPeng,2026-05-02,20:17:12,-07:00,2026-05-02T20:17:12-07:00,0,0
projects/index.html,13,html,23ba4c82,ChengszuPeng,2026-05-02,20:17:12,-07:00,2026-05-02T20:17:12-07:00,1,58
projects/index.html,14,html,23ba4c82,ChengszuPeng,2026-05-02,20:17:12,-07:00,2026-05-02T20:17:12-07:00,1,22
projects/index.html,15,html,23ba4c82,ChengszuPeng,2026-05-02,20:17:12,-07:00,2026-05-02T20:17:12-07:00,0,0
projects/index.html,16,html,23ba4c82,ChengszuPeng,2026-05-02,20:17:12,-07:00,2026-05-02T20:17:12-07:00,1,4
projects/index.html,17,html,23ba4c82,ChengszuPeng,2026-05-02,20:17:12,-07:00,2026-05-02T20:17:12-07:00,2,15
projects/index.html,18,html,23ba4c82,ChengszuPeng,2026-05-02,20:17:12,-07:00,2026-05-02T20:17:12-07:00,2,11
projects/index.html,19,html,23ba4c82,ChengszuPeng,2026-05-02,20:17:12,-07:00,2026-05-02T20:17:12-07:00,2,26
projects/index.html,20,html,23ba4c82,ChengszuPeng,2026-05-02,20:17:12,-07:00,2026-05-02T20:17:12-07:00,2,31
projects/index.html,21,html,23ba4c82,ChengszuPeng,2026-05-02,20:17:12,-07:00,2026-05-02T20:17:12-07:00,1,0
projects/index.html,22,html,23ba4c82,ChengszuPeng,2026-05-02,20:17:12,-07:00,2026-05-02T20:17:12-07:00,0,0
projects/index.html,23,html,c8d47996,ChengszuPeng,2026-04-24,18:04:40,-07:00,2026-04-24T18:04:40-07:00,1,26
projects/index.html,24,html,03324423,ChengszuPeng,2026-04-10,17:05:50,-07:00,2026-04-10T17:05:50-07:00,0,0
projects/index.html,25,html,c8d47996,ChengszuPeng,2026-04-24,18:04:40,-07:00,2026-04-24T18:04:40-07:00,1,48
projects/index.html,26,html,c8d47996,ChengszuPeng,2026-04-24,18:04:40,-07:00,2026-04-24T18:04:40-07:00,1,47
projects/index.html,27,html,fe2d7b96,ChengszuPeng,2026-04-09,13:42:54,-07:00,2026-04-09T13:42:54-07:00,0,5
projects/index.html,28,html,fe2d7b96,ChengszuPeng,2026-04-09,13:42:54,-07:00,2026-04-09T13:42:54-07:00,0,5
contact/index.html,1,html,fe2d7b96,ChengszuPeng,2026-04-09,13:42:54,-07:00,2026-04-09T13:42:54-07:00,0,13
contact/index.html,2,html,fe2d7b96,ChengszuPeng,2026-04-09,13:42:54,-07:00,2026-04-09T13:42:54-07:00,0,14
contact/index.html,3,html,fe2d7b96,ChengszuPeng,2026-04-09,13:42:54,-07:00,2026-04-09T13:42:54-07:00,0,4
contact/index.html,4,html,fe2d7b96,ChengszuPeng,2026-04-09,13:42:54,-07:00,2026-04-09T13:42:54-07:00,2,20
contact/index.html,5,html,fe2d7b96,ChengszuPeng,2026-04-09,13:42:54,-07:00,2026-04-09T13:42:54-07:00,2,68
contact/index.html,6,html,fe2d7b96,ChengszuPeng,2026-04-09,13:42:54,-07:00,2026-04-09T13:42:54-07:00,2,20
contact/index.html,7,html,fe2d7b96,ChengszuPeng,2026-04-09,13:42:54,-07:00,2026-04-09T13:42:54-07:00,2,41
contact/index.html,8,html,8bded1b3,ChengszuPeng,2026-04-17,17:28:19,-07:00,2026-04-17T17:28:19-07:00,2,48
contact/index.html,9,html,8bded1b3,ChengszuPeng,2026-04-17,17:28:19,-07:00,2026-04-17T17:28:19-07:00,0,0
contact/index.html,10,html,fe2d7b96,ChengszuPeng,2026-04-09,13:42:54,-07:00,2026-04-09T13:42:54-07:00,0,5
contact/index.html,11,html,fe2d7b96,ChengszuPeng,2026-04-09,13:42:54,-07:00,2026-04-09T13:42:54-07:00,0,4
contact/index.html,12,html,fe2d7b96,ChengszuPeng,2026-04-09,13:42:54,-07:00,2026-04-09T13:42:54-07:00,0,0
contact/index.html,13,html,fe2d7b96,ChengszuPeng,2026-04-09,13:42:54,-07:00,2026-04-09T13:42:54-07:00,2,17
contact/index.html,14,html,fe2d7b96,ChengszuPeng,2026-04-09,13:42:54,-07:00,2026-04-09T13:42:54-07:00,0,0
contact/index.html,15,html,fe2d7b96,ChengszuPeng,2026-04-09,13:42:54,-07:00,2026-04-09T13:42:54-07:00,2,71
contact/index.html,16,html,fe2d7b96,ChengszuPeng,2026-04-09,13:42:54,-07:00,2026-04-09T13:42:54-07:00,0,0
contact/index.html,17,html,fe2d7b96,ChengszuPeng,2026-04-09,13:42:54,-07:00,2026-04-09T13:42:54-07:00,4,5
contact/index.html,18,html,fe2d7b96,ChengszuPeng,2026-04-09,13:42:54,-07:00,2026-04-09T13:42:54-07:00,6,9
contact/index.html,19,html,fe2d7b96,ChengszuPeng,2026-04-09,13:42:54,-07:00,2026-04-09T13:42:54-07:00,6,40
contact/index.html,20,html,fe2d7b96,ChengszuPeng,2026-04-09,13:42:54,-07:00,2026-04-09T13:42:54-07:00,4,6
contact/index.html,21,html,fe2d7b96,ChengszuPeng,2026-04-09,13:42:54,-07:00,2026-04-09T13:42:54-07:00,4,6
contact/index.html,22,html,fe2d7b96,ChengszuPeng,2026-04-09,13:42:54,-07:00,2026-04-09T13:42:54-07:00,0,0
contact/index.html,23,html,fe2d7b96,ChengszuPeng,2026-04-09,13:42:54,-07:00,2026-04-09T13:42:54-07:00,4,5
contact/index.html,24,html,fe2d7b96,ChengszuPeng,2026-04-09,13:42:54,-07:00,2026-04-09T13:42:54-07:00,6,6
contact/index.html,25,html,fe2d7b96,ChengszuPeng,2026-04-09,13:42:54,-07:00,2026-04-09T13:42:54-07:00,6,32
contact/index.html,26,html,fe2d7b96,ChengszuPeng,2026-04-09,13:42:54,-07:00,2026-04-09T13:42:54-07:00,4,6
contact/index.html,27,html,fe2d7b96,ChengszuPeng,2026-04-09,13:42:54,-07:00,2026-04-09T13:42:54-07:00,4,6
contact/index.html,28,html,fe2d7b96,ChengszuPeng,2026-04-09,13:42:54,-07:00,2026-04-09T13:42:54-07:00,0,0
contact/index.html,29,html,fe2d7b96,ChengszuPeng,2026-04-09,13:42:54,-07:00,2026-04-09T13:42:54-07:00,4,5
contact/index.html,30,html,fe2d7b96,ChengszuPeng,2026-04-09,13:42:54,-07:00,2026-04-09T13:42:54-07:00,6,6
contact/index.html,31,html,fe2d7b96,ChengszuPeng,2026-04-09,13:42:54,-07:00,2026-04-09T13:42:54-07:00,6,50
contact/index.html,32,html,fe2d7b96,ChengszuPeng,2026-04-09,13:42:54,-07:00,2026-04-09T13:42:54-07:00,4,6
contact/index.html,33,html,fe2d7b96,ChengszuPeng,2026-04-09,13:42:54,-07:00,2026-04-09T13:42:54-07:00,4,6
contact/index.html,34,html,fe2d7b96,ChengszuPeng,2026-04-09,13:42:54,-07:00,2026-04-09T13:42:54-07:00,0,0
contact/index.html,35,html,fe2d7b96,ChengszuPeng,2026-04-09,13:42:54,-07:00,2026-04-09T13:42:54-07:00,4,33
contact/index.html,36,html,fe2d7b96,ChengszuPeng,2026-04-09,13:42:54,-07:00,2026-04-09T13:42:54-07:00,0,0
contact/index.html,37,html,fe2d7b96,ChengszuPeng,2026-04-09,13:42:54,-07:00,2026-04-09T13:42:54-07:00,0,5
contact/index.html,38,html,fe2d7b96,ChengszuPeng,2026-04-09,13:42:54,-07:00,2026-04-09T13:42:54-07:00,0,0
contact/index.html,39,html,fe2d7b96,ChengszuPeng,2026-04-09,13:42:54,-07:00,2026-04-09T13:42:54-07:00,0,5
contact/index.html,40,html,fe2d7b96,ChengszuPeng,2026-04-09,13:42:54,-07:00,2026-04-09T13:42:54-07:00,0,5
